FPS,JANK,BigJANK,Max FrameTime(ms),CPU(%),CPU0(%),CPU1(%),CPU2(%),CPU3(%),CPU4(%),CPU5(%),CPU6(%),CPU7(%),CPU0(MHz),CPU1(MHz),CPU2(MHz),CPU3(MHz),CPU4(MHz),CPU5(MHz),CPU6(MHz),CPU7(MHz),CPU(°C),GPU(%),GPU(KHz),Battery(%),Battery(°C),Battery(mA),Battery(volt)
60,0,0,16.97,53.11,70.00,60.98,72.37,69.05,30.95,26.25,38.75,58.54,1420,1420,1420,1420,1670,1670,1670,1747,50.80,39.00,-1,61,34.50,623,3.572
60,0,0,16.97,37.93,33.72,43.33,37.50,47.13,33.72,32.58,26.97,46.51,1420,1420,1420,1420,1670,1670,1670,1747,52.30,39.00,-1,61,34.50,623,3.572
60,0,0,17.02,31.42,22.52,27.10,29.91,28.07,29.20,31.25,24.32,58.41,1420,1420,1420,1420,1670,1670,1670,1075,50.40,39.00,-1,61,34.50,633,3.572
60,0,0,17.02,32.94,27.38,28.21,30.59,25.30,46.59,32.18,28.74,41.38,1420,1420,1420,1420,1670,1670,1670,1632,51.20,39.00,-1,61,34.50,633,3.572
60,0,0,16.94,32.03,19.81,31.19,32.04,29.73,36.94,30.63,31.82,44.95,1420,1420,1420,1420,1670,1670,1670,1075,50.80,38.00,-1,61,34.50,633,3.572
60,0,0,16.94,33.96,26.83,35.63,34.94,31.03,34.48,32.58,25.00,51.14,1420,1420,1420,1420,1670,1670,1670,1747,50.40,37.00,-1,61,34.50,609,3.572
59,0,0,16.92,36.14,35.14,43.36,43.12,35.85,29.09,23.36,25.00,53.15,1420,1420,1420,1420,1670,1670,1670,1516,50.00,34.00,-1,61,34.50,609,3.572
59,0,0,16.92,35.15,32.93,37.35,37.35,40.70,22.73,24.71,22.09,64.37,1804,1804,1804,1804,1766,1766,1766,2073,54.30,33.00,-1,61,34.50,609,3.572
49,1,0,67.18,52.93,42.06,50.00,49.55,53.21,51.75,47.79,48.25,80.18,1420,1420,1420,1420,1670,1670,1670,1632,52.30,29.00,-1,61,34.50,642,3.572
49,1,0,67.18,54.97,40.51,55.06,47.06,45.98,66.28,52.94,55.95,73.33,1804,1804,1804,1804,1766,1766,1766,2073,54.60,32.00,-1,61,34.50,642,3.572
59,0,0,17.03,45.93,38.10,42.06,39.42,37.38,46.90,44.35,42.34,76.58,1420,1420,1420,1420,1670,1670,1670,1747,54.30,40.00,-1,61,34.50,642,3.572
59,0,0,17.03,55.46,45.78,48.84,48.89,46.59,59.30,63.95,56.98,72.41,1420,1420,1420,1420,1766,1766,1766,1632,54.60,43.00,-1,61,34.50,714,3.572
51,1,1,83.97,60.18,48.57,51.43,52.25,45.10,73.64,70.80,70.34,66.67,1420,1420,1420,1420,1766,1766,1766,1747,55.00,42.00,-1,61,34.50,714,3.572
51,1,1,83.97,46.26,39.76,38.37,35.37,40.70,62.07,56.98,45.88,50.00,1420,1420,1420,1420,1670,1670,1670,1747,53.50,43.00,-1,61,34.50,714,3.572
59,0,0,16.90,41.95,30.39,42.98,45.13,39.13,35.65,31.03,33.93,76.07,1420,1420,1420,1420,1670,1670,1670,1075,53.10,51.00,-1,61,34.50,704,3.572
59,0,0,16.90,45.55,36.25,40.96,40.74,42.50,45.24,65.12,51.19,39.29,1420,1420,1420,1420,1766,1766,1766,1747,54.60,51.00,-1,61,34.50,704,3.572
56,0,0,33.65,49.31,36.89,46.49,45.05,42.86,59.05,53.64,53.98,57.01,1420,1420,1420,1420,1670,1670,1670,1747,53.50,45.00,-1,61,34.50,704,3.572
56,0,0,33.65,49.64,40.74,48.89,44.05,47.06,50.00,45.35,43.68,77.78,1804,1804,1804,1804,1766,1766,1766,2073,56.60,48.00,-1,60,34.50,702,3.538
57,0,0,33.60,56.98,43.93,48.18,49.07,50.00,66.36,65.18,57.27,72.48,1420,1420,1420,1420,1670,1670,1670,1747,55.00,39.00,-1,60,34.50,702,3.538
57,0,0,33.60,42.32,32.50,35.80,42.05,33.33,38.82,37.93,39.53,78.82,1420,1420,1420,1420,1670,1670,1670,1747,53.90,47.00,-1,60,34.50,702,3.538
58,0,0,33.61,49.55,42.45,46.09,44.86,41.59,50.89,50.46,44.14,75.44,1420,1420,1420,1420,1670,1670,1670,1747,54.30,49.00,-1,60,34.50,723,3.538
58,0,0,33.61,45.44,31.25,43.37,42.35,38.55,54.02,44.44,42.35,65.88,1420,1420,1420,1420,1670,1670,1670,1747,54.30,49.00,-1,60,34.50,723,3.538
60,0,0,17.07,45.18,43.24,41.12,39.05,42.11,52.29,36.94,36.94,68.14,1804,1804,1804,1804,1766,1766,1766,2073,55.40,47.00,-1,60,34.50,723,3.538
60,0,0,17.07,46.57,33.75,41.67,37.35,37.93,55.42,46.43,51.19,70.93,1804,1804,1804,1804,1766,1766,1766,1747,53.90,43.00,-1,60,34.50,812,3.538
56,1,0,67.17,46.93,41.67,43.36,42.86,38.18,54.87,48.67,56.64,46.02,1420,1420,1420,1420,1670,1670,1670,1075,54.30,46.00,-1,60,34.50,812,3.538
56,1,0,67.17,51.71,46.43,51.11,47.56,46.43,63.10,49.40,51.19,59.52,1420,1420,1420,1420,1670,1670,1670,1747,58.50,54.00,-1,60,34.50,812,3.538
46,2,1,134.34,52.20,45.87,49.12,49.56,45.69,56.64,55.17,48.65,66.09,1420,1420,1420,1420,1766,1766,1766,1075,55.80,51.00,-1,60,34.50,727,3.538
46,2,1,134.34,47.27,33.33,44.71,41.98,39.24,65.48,54.76,50.60,45.98,1420,1420,1420,1420,1766,1766,1766,1075,55.40,47.00,-1,60,34.50,727,3.538
41,1,1,83.97,75.24,72.22,70.90,73.28,73.28,81.25,78.74,80.92,73.28,1804,1804,1804,1804,1766,1766,1766,2073,60.10,47.00,-1,60,34.50,727,3.538
41,1,1,83.97,79.89,79.41,73.85,77.27,72.31,85.71,82.35,82.09,80.88,1420,1420,1420,1420,1766,1766,1766,2073,60.10,38.00,-1,60,34.50,920,3.538
53,0,0,33.86,78.14,80.18,78.15,71.30,74.56,80.91,80.53,79.82,83.33,1420,1420,1420,1420,1766,1766,1766,1747,59.30,49.00,-1,60,34.50,920,3.538
53,0,0,33.86,73.86,63.86,61.36,69.32,64.71,80.72,80.00,80.95,84.88,1804,1804,1804,1804,1766,1766,1766,2073,58.90,45.00,-1,60,34.50,920,3.538
51,1,0,50.44,65.03,61.11,60.68,61.06,61.11,68.14,61.61,59.26,88.03,1420,1420,1420,1420,1670,1670,1670,1747,58.90,42.00,-1,60,34.50,876,3.538
51,1,0,50.44,67.45,69.77,60.23,57.14,68.67,60.47,70.59,65.12,87.36,1420,1420,1420,1420,1766,1766,1766,1747,59.70,41.00,-1,60,34.50,876,3.538
49,0,0,33.62,63.68,59.63,62.07,58.26,71.56,64.29,58.93,57.52,77.39,1420,1420,1420,1420,1670,1670,1670,1747,56.60,36.00,-1,60,34.50,876,3.538
49,0,0,33.62,47.88,33.78,39.51,38.55,35.80,55.95,57.14,54.65,64.71,1420,1420,1420,1420,1670,1670,1670,1747,56.60,36.00,-1,60,34.50,736,3.538
53,0,0,33.61,49.20,40.57,46.02,39.62,36.19,62.83,50.46,58.33,57.63,1804,1804,1804,1804,1766,1766,1766,2073,56.20,46.00,-1,60,34.50,736,3.538
53,0,0,33.61,62.09,50.60,50.62,56.82,53.57,69.05,69.05,69.05,78.31,1420,1420,1420,1420,1670,1670,1670,1747,57.70,43.00,-1,60,34.50,736,3.538
58,0,0,33.59,48.26,34.91,37.84,37.38,45.30,50.89,53.57,48.65,76.99,1420,1420,1420,1420,1670,1670,1670,1747,56.20,45.00,-1,60,34.50,953,3.538
58,0,0,33.59,49.08,36.36,44.44,40.74,42.68,46.91,47.56,43.75,85.06,1420,1420,1420,1420,1766,1766,1766,1747,55.80,41.00,-1,60,34.60,953,3.434
57,0,0,33.59,48.03,38.89,41.59,39.45,42.34,64.86,54.39,48.15,53.10,1420,1420,1420,1420,1766,1766,1766,1747,55.40,38.00,-1,60,34.60,953,3.434
57,0,0,33.59,47.70,30.77,42.05,36.59,44.83,60.71,52.94,55.29,57.47,1420,1420,1420,1420,1670,1670,1670,1747,56.60,38.00,-1,60,34.60,877,3.434
58,0,0,33.61,48.63,34.29,37.04,39.45,44.14,51.82,48.11,56.64,76.11,1420,1420,1420,1420,1670,1670,1670,1075,55.80,42.00,-1,60,34.60,877,3.434
58,0,0,33.61,40.33,15.38,26.51,22.50,29.27,68.18,47.06,53.57,54.76,1420,1420,1420,1420,1766,1766,1766,1075,57.00,45.00,-1,60,34.60,877,3.434
59,0,0,16.96,38.23,21.70,27.52,25.23,34.55,39.81,32.69,42.06,81.82,1420,1420,1420,1420,1670,1670,1670,1747,55.80,45.00,-1,60,34.60,719,3.434
59,0,0,16.96,41.79,23.08,34.52,30.86,32.93,42.35,47.73,42.86,77.91,1420,1420,1420,1420,1766,1766,1766,1747,55.40,45.00,-1,60,34.60,719,3.434
60,0,0,16.87,47.81,36.45,37.38,39.82,44.25,62.83,53.21,46.85,60.34,1420,1420,1420,1420,1670,1670,1670,1747,55.80,48.00,-1,60,34.60,719,3.434
60,0,0,16.87,49.01,36.71,37.50,40.24,45.88,58.33,54.76,50.62,66.28,1420,1420,1420,1420,1670,1670,1670,1747,55.80,48.00,-1,60,34.60,728,3.434
59,0,0,33.61,46.96,34.62,38.05,38.53,41.35,47.71,47.37,45.37,82.73,1420,1420,1420,1420,1670,1670,1670,1075,55.40,46.00,-1,60,34.60,728,3.434
59,0,0,33.61,48.76,37.80,38.82,39.53,39.02,70.24,57.65,50.57,52.87,1420,1420,1420,1420,1766,1766,1766,1075,55.40,46.00,-1,60,34.60,728,3.434
59,0,0,16.85,48.86,36.79,42.86,43.64,43.12,55.05,50.91,46.85,71.05,1420,1420,1420,1420,1670,1670,1670,1747,55.80,48.00,-1,60,34.60,740,3.434
59,0,0,16.85,47.11,33.75,38.10,43.37,39.76,50.00,50.60,40.48,81.61,1420,1420,1420,1420,1670,1670,1670,1747,56.20,48.00,-1,60,34.60,740,3.434
57,0,0,33.58,49.55,38.89,39.45,42.34,47.27,56.03,52.68,43.86,72.65,1420,1420,1420,1420,1766,1766,1766,1075,56.60,43.00,-1,60,34.60,740,3.434
57,0,0,33.58,46.40,30.67,34.12,41.18,39.02,76.19,46.99,51.16,49.41,1804,1804,1804,1804,1766,1766,1766,2073,55.80,43.00,-1,60,34.60,944,3.434
49,1,0,67.19,49.28,41.28,38.89,40.54,52.21,54.55,45.30,43.86,77.39,1804,1804,1804,1804,1766,1766,1766,2073,56.20,38.00,-1,60,34.60,944,3.434
49,1,0,67.19,49.77,37.66,37.04,36.25,41.77,61.25,51.90,56.10,73.49,1420,1420,1420,1420,1670,1670,1670,1747,56.20,38.00,-1,60,34.60,944,3.434
59,0,0,33.57,50.46,34.31,42.73,41.28,44.95,68.42,65.79,60.19,42.98,1420,1420,1420,1420,1766,1766,1766,1747,55.00,49.00,-1,60,34.60,800,3.434
59,0,0,33.57,43.54,26.92,34.94,35.37,39.29,65.48,51.16,42.68,53.49,1420,1420,1420,1420,1670,1670,1670,1747,55.40,44.00,-1,60,34.60,800,3.434
59,0,0,16.99,44.75,35.92,32.04,43.64,40.74,45.45,36.04,43.64,77.88,1420,1420,1420,1420,1670,1670,1670,1747,55.80,41.00,-1,60,34.60,800,3.434
59,0,0,16.99,43.52,37.35,32.47,41.18,41.67,42.05,35.80,39.53,78.05,1420,1420,1420,1420,1670,1670,1670,1747,55.40,39.00,-1,60,34.60,686,3.434
59,0,0,33.60,45.95,39.42,39.81,39.05,45.54,40.37,36.04,37.96,84.35,1420,1420,1420,1420,1670,1670,1670,1747,55.40,36.00,-1,60,34.60,686,3.434
59,0,0,33.60,46.80,36.59,40.24,41.86,45.88,55.17,41.67,44.58,68.97,1420,1420,1420,1420,1670,1670,1670,1747,54.60,36.00,-1,60,34.80,686,3.516
60,0,0,16.87,46.26,36.27,42.61,44.44,40.37,40.00,38.46,38.05,87.61,1420,1420,1420,1420,1670,1670,1670,1747,53.90,41.00,-1,60,34.80,698,3.516
60,0,0,16.87,45.47,33.75,40.70,42.53,43.68,42.05,38.20,35.29,88.51,1420,1420,1420,1420,1670,1670,1670,1747,55.00,40.00,-1,60,34.80,698,3.516
57,0,0,33.61,48.83,41.07,42.86,39.45,47.83,49.55,45.45,48.25,77.27,1420,1420,1420,1420,1670,1670,1670,1747,55.40,40.00,-1,60,34.80,698,3.516
57,0,0,33.61,46.30,39.08,38.10,40.23,44.83,43.02,48.84,40.00,75.28,1420,1420,1420,1420,1670,1670,1670,1747,55.80,39.00,-1,60,34.80,711,3.516
58,0,0,33.58,48.56,40.37,45.69,46.15,47.90,50.46,46.85,40.00,70.54,1420,1420,1420,1420,1670,1670,1670,1747,55.00,37.00,-1,60,34.80,711,3.516
58,0,0,33.58,50.29,44.83,40.91,45.45,43.02,51.69,44.19,49.43,82.02,1420,1420,1420,1420,1670,1670,1670,1747,55.00,40.00,-1,60,34.80,711,3.516
60,0,0,16.91,48.03,43.48,44.35,45.76,46.61,40.87,38.74,39.64,85.45,1420,1420,1420,1420,1670,1670,1670,1747,55.00,42.00,-1,60,34.80,718,3.516
60,0,0,16.91,46.29,38.27,42.22,37.04,45.45,43.68,39.02,41.67,83.13,1420,1420,1420,1420,1670,1670,1670,1747,54.60,40.00,-1,60,34.80,718,3.516
59,0,0,16.88,47.70,45.61,44.74,45.76,47.01,38.94,35.45,38.05,86.84,1420,1420,1420,1420,1670,1670,1670,844,54.60,42.00,-1,60,34.80,718,3.516
59,0,0,16.88,44.43,40.00,40.00,37.65,43.96,59.04,42.86,48.15,42.53,1420,1420,1420,1420,1766,1766,1766,1747,54.60,42.00,-1,60,34.80,695,3.516
58,0,0,33.74,48.85,44.44,43.10,41.82,46.55,64.29,53.15,43.86,54.24,1420,1420,1420,1420,1766,1766,1766,1747,57.70,39.00,-1,60,34.80,695,3.516
58,0,0,33.74,49.78,40.96,41.18,40.24,42.53,52.87,46.34,49.40,82.72,1420,1420,1420,1420,1670,1670,1670,1747,55.80,38.00,-1,60,34.80,695,3.516
59,0,0,33.57,38.32,36.97,29.63,28.70,31.53,39.64,35.65,29.57,73.91,1420,1420,1420,1420,1670,1670,1670,1747,54.30,33.00,-1,60,34.80,696,3.516
59,0,0,33.57,36.50,27.27,29.27,29.41,36.26,29.76,34.12,29.89,77.91,1420,1420,1420,1420,1670,1670,1670,1747,54.30,32.00,-1,60,34.80,696,3.516
56,0,0,33.63,59.84,65.77,62.04,65.74,63.39,50.44,47.32,45.54,81.31,1420,1420,1420,1420,1670,1670,1670,844,55.80,31.00,-1,60,34.80,696,3.516
56,0,0,33.63,65.17,85.06,77.91,78.89,75.00,40.48,39.53,32.56,87.36,1420,1420,1420,1420,1670,1670,1670,1747,55.40,31.00,-1,60,34.80,855,3.516
60,0,0,17.02,48.20,45.54,44.55,45.45,51.33,51.85,49.09,41.44,57.52,1420,1420,1420,1420,1766,1766,1766,1747,55.40,33.00,-1,60,34.80,855,3.516
60,0,0,17.02,58.83,61.80,61.90,61.36,61.29,49.43,47.73,47.13,79.31,1420,1420,1420,1420,1670,1670,1670,1747,55.40,37.00,-1,60,34.80,855,3.516
59,0,0,33.58,48.55,42.11,43.33,44.07,47.41,52.50,43.86,41.59,74.36,1420,1420,1420,1420,1766,1766,1766,1747,57.40,40.00,-1,60,34.80,718,3.516
59,0,0,33.58,45.37,35.37,39.53,39.76,45.45,60.49,45.98,49.43,45.88,1420,1420,1420,1420,1670,1670,1670,1747,54.60,42.00,-1,60,34.80,718,3.516
60,0,0,16.90,42.25,35.34,42.11,38.94,37.84,43.86,31.82,31.82,75.23,1420,1420,1420,1420,1670,1670,1670,1747,54.60,38.00,-1,60,34.80,718,3.516
60,0,0,16.90,43.70,33.33,42.53,39.51,39.77,37.35,37.65,36.05,84.34,1420,1420,1420,1420,1670,1670,1670,1747,55.00,40.00,-1,59,34.90,672,3.524
59,0,0,16.97,47.25,42.98,52.54,48.21,46.61,37.82,36.28,29.25,84.96,1420,1420,1420,1420,1670,1670,1670,1747,54.60,40.00,-1,59,34.90,672,3.524
59,0,0,16.97,39.71,28.57,35.80,38.37,37.63,31.33,36.14,28.57,80.95,1420,1420,1420,1420,1670,1670,1670,1747,53.50,40.00,-1,59,34.90,672,3.524
60,0,0,16.95,42.14,28.32,38.26,38.26,38.66,35.96,36.84,35.40,86.21,1420,1420,1420,1420,1670,1670,1670,1747,55.40,40.00,-1,59,34.90,668,3.524
60,0,0,16.95,46.00,33.73,41.57,40.91,37.65,50.00,40.24,41.86,80.95,1420,1420,1420,1420,1670,1670,1670,1747,53.90,40.00,-1,59,34.90,668,3.524
60,0,0,17.04,49.29,37.27,47.06,44.92,42.34,44.64,43.97,43.36,90.27,1420,1420,1420,1420,1670,1670,1670,1747,55.40,42.00,-1,59,34.90,668,3.524
60,0,0,17.04,47.42,38.64,44.44,36.05,34.12,40.91,44.83,47.73,91.76,1420,1420,1420,1420,1670,1670,1670,1747,55.00,46.00,-1,59,34.90,730,3.524
60,0,0,16.88,47.75,37.74,47.15,45.00,42.11,35.45,42.98,42.20,88.79,1420,1420,1420,1420,1670,1670,1670,1747,54.30,50.00,-1,59,34.90,730,3.524
60,0,0,16.88,45.11,38.20,41.11,40.00,38.10,39.33,40.00,42.53,84.34,1420,1420,1420,1420,1670,1670,1670,1747,53.90,46.00,-1,59,34.90,730,3.524
60,0,0,16.89,46.58,37.38,48.76,40.54,39.45,44.25,42.74,42.61,75.00,1420,1420,1420,1420,1670,1670,1670,1747,55.80,44.00,-1,59,34.90,694,3.524
60,0,0,16.89,48.95,36.78,46.32,45.05,40.45,45.05,44.94,46.59,86.21,1420,1420,1420,1420,1670,1670,1670,1747,55.40,43.00,-1,59,34.90,694,3.524
60,0,0,17.01,49.83,42.86,49.15,44.14,40.18,43.24,46.09,45.54,88.29,1420,1420,1420,1420,1670,1670,1670,1747,55.00,46.00,-1,59,34.90,694,3.524
60,0,0,17.01,48.78,35.71,44.57,39.53,43.48,49.43,45.24,45.88,87.06,1420,1420,1420,1420,1670,1670,1670,1747,55.00,48.00,-1,59,34.90,758,3.524
58,0,0,33.60,57.17,51.30,52.99,47.32,56.25,56.52,58.12,53.91,80.87,1420,1420,1420,1420,1670,1670,1670,1747,56.20,46.00,-1,59,34.90,758,3.524
58,0,0,33.60,50.72,36.71,44.05,44.94,43.68,51.16,42.86,54.55,86.21,1420,1420,1420,1420,1670,1670,1670,1747,55.80,47.00,-1,59,34.90,758,3.524
60,0,0,16.91,51.66,39.25,46.61,44.25,41.74,55.26,47.41,56.64,82.30,1420,1420,1420,1420,1670,1670,1670,1747,55.80,48.00,-1,59,34.90,764,3.524
60,0,0,16.91,50.57,39.76,42.35,44.32,45.56,56.67,46.59,43.82,84.88,1420,1420,1420,1420,1670,1670,1670,1747,55.00,47.00,-1,59,34.90,764,3.524
58,0,0,33.58,49.08,37.25,47.06,47.15,46.77,55.05,49.56,46.15,62.83,1420,1420,1420,1420,1766,1766,1766,1747,55.00,43.00,-1,59,34.90,764,3.524
58,0,0,33.58,47.10,41.38,45.45,39.76,41.86,71.26,50.00,60.23,27.91,1420,1420,1420,1420,1670,1670,1670,1632,54.60,37.00,-1,59,34.90,822,3.524
60,0,0,16.94,45.56,38.18,40.54,42.61,42.11,38.53,37.27,38.18,86.61,1516,1516,1516,1516,1670,1670,1670,1747,55.40,38.00,-1,59,34.90,822,3.524
60,0,0,16.94,48.01,42.35,44.32,39.53,39.29,48.89,51.65,42.53,73.81,1420,1420,1420,1420,1670,1670,1670,1747,55.00,38.00,-1,59,34.90,822,3.524
58,0,0,33.59,47.00,41.28,42.61,39.29,43.22,50.91,43.10,51.79,64.60,1420,1420,1420,1420,1670,1670,1670,1747,55.00,37.00,-1,59,34.90,740,3.524
58,0,0,33.59,48.29,45.56,41.86,44.83,36.90,58.14,45.88,53.26,59.09,1420,1420,1420,1420,1670,1670,1670,1747,55.40,43.00,-1,59,34.90,740,3.503
59,0,0,16.91,48.63,41.44,45.61,44.14,45.22,56.30,43.86,48.33,66.07,1420,1420,1420,1420,1670,1670,1670,1747,54.60,41.00,-1,59,34.90,740,3.503
59,0,0,16.91,48.13,40.00,39.29,43.18,42.22,49.43,42.70,50.57,74.71,1420,1420,1420,1420,1670,1670,1670,1747,54.30,43.00,-1,59,34.90,719,3.503
57,0,0,33.57,48.84,40.18,40.00,43.97,39.82,47.37,50.43,46.02,81.98,1420,1420,1420,1420,1670,1670,1670,1747,55.80,45.00,-1,59,34.90,719,3.503
57,0,0,33.57,51.67,40.48,47.25,42.86,41.18,60.47,54.76,57.95,70.24,1420,1420,1420,1420,1766,1766,1766,1747,55.80,48.00,-1,59,34.90,719,3.503
56,0,0,33.69,55.36,47.17,52.63,50.00,45.61,62.39,49.56,54.39,79.31,1420,1420,1420,1420,1670,1670,1670,1747,57.00,46.00,-1,59,34.90,756,3.503
56,0,0,33.69,51.52,43.02,47.78,42.35,41.67,54.55,53.49,54.65,74.71,1420,1420,1420,1420,1670,1670,1670,1747,55.80,46.00,-1,59,34.90,756,3.503
56,0,0,33.91,52.44,46.49,42.59,43.75,45.13,56.03,53.91,56.52,75.22,1420,1420,1420,1420,1670,1670,1670,1747,57.00,46.00,-1,59,34.90,756,3.503
56,0,0,33.91,51.88,45.35,44.44,41.38,46.59,75.28,55.91,59.14,44.32,1420,1420,1420,1420,1670,1670,1670,1747,55.40,43.00,-1,59,34.90,800,3.503
57,0,0,67.16,46.71,39.64,38.32,32.38,37.61,56.30,44.04,46.02,78.76,1420,1420,1420,1420,1670,1670,1670,1747,55.40,42.00,-1,59,34.90,800,3.503
57,0,0,67.16,40.11,28.57,34.09,30.68,31.87,46.15,32.22,35.48,80.00,1420,1420,1420,1420,1670,1670,1670,1747,54.30,41.00,-1,59,34.90,800,3.503
58,0,0,33.63,40.81,30.91,33.93,34.51,30.97,45.76,39.52,38.26,71.79,1420,1420,1420,1420,1670,1670,1670,1747,55.00,39.00,-1,59,34.90,665,3.503
58,0,0,33.63,47.59,41.67,41.86,42.05,37.65,48.81,52.94,45.45,71.76,1420,1420,1420,1420,1766,1766,1766,844,54.60,41.00,-1,59,34.90,665,3.503
59,0,0,16.90,42.87,35.14,34.58,35.78,40.71,49.14,37.82,38.26,70.54,1420,1420,1420,1420,1670,1670,1670,1075,54.30,41.00,-1,59,34.90,665,3.503
59,0,0,16.90,41.13,32.95,37.08,31.33,28.75,45.05,39.78,36.67,73.86,1420,1420,1420,1420,1670,1670,1670,1747,54.30,41.00,-1,59,34.90,674,3.503
59,0,0,16.88,41.48,32.74,38.60,29.91,34.21,45.83,42.74,41.80,65.52,1420,1420,1420,1420,1670,1670,1670,1747,53.90,41.00,-1,59,34.90,674,3.503
59,0,0,16.88,39.88,27.38,35.63,33.73,29.27,40.91,39.77,38.20,74.71,1420,1420,1420,1420,1670,1670,1670,1747,53.90,41.00,-1,59,34.90,674,3.503
59,0,0,16.83,40.93,34.51,33.33,31.82,35.71,37.70,36.89,38.33,78.57,1420,1420,1420,1420,1670,1670,1670,1747,55.00,40.00,-1,59,34.90,651,3.503
59,0,0,16.83,46.36,31.25,43.82,41.86,39.76,42.05,39.77,48.89,83.13,1420,1420,1420,1420,1670,1670,1670,1747,54.30,41.00,-1,59,34.90,651,3.503
60,0,0,16.86,47.17,37.61,45.95,40.74,39.25,43.33,43.10,43.10,82.61,1420,1420,1420,1420,1670,1670,1670,1747,55.00,40.00,-1,59,34.90,651,3.503
60,0,0,16.86,45.45,37.65,38.82,40.23,41.76,36.67,39.33,44.94,87.36,1420,1420,1420,1420,1670,1670,1670,1747,55.00,41.00,-1,59,34.90,706,3.503
60,0,0,16.94,47.38,39.64,42.11,41.96,42.34,42.62,43.59,43.48,83.19,1420,1420,1420,1420,1670,1670,1670,1747,54.60,42.00,-1,59,34.90,706,3.503
60,0,0,16.94,48.57,38.10,43.18,42.53,39.76,49.44,41.76,44.94,85.39,1420,1420,1420,1420,1670,1670,1670,1747,55.40,42.00,-1,59,35.00,706,3.516
59,0,0,16.88,48.63,37.38,44.25,43.75,43.75,49.59,46.02,45.83,77.19,1420,1420,1420,1420,1670,1670,1670,1747,55.00,45.00,-1,59,35.00,763,3.516
59,0,0,16.88,48.70,39.29,41.18,41.38,45.45,44.94,41.38,46.67,89.66,1420,1420,1420,1420,1670,1670,1670,1747,55.40,45.00,-1,59,35.00,763,3.516
60,0,0,17.00,47.78,35.51,42.34,42.73,41.59,42.11,41.74,44.64,88.79,1420,1420,1420,1420,1670,1670,1670,1747,55.40,44.00,-1,59,35.00,763,3.516
60,0,0,17.00,46.07,34.88,42.70,40.00,37.04,50.57,38.20,45.65,78.16,1420,1420,1420,1420,1670,1670,1670,1747,54.60,41.00,-1,59,35.00,700,3.516
60,0,0,16.91,48.38,33.94,43.97,44.07,43.36,56.67,45.76,46.22,73.28,1420,1420,1420,1420,1670,1670,1670,1747,55.40,42.00,-1,59,35.00,700,3.516
60,0,0,16.91,48.05,35.71,41.86,39.76,40.23,43.53,48.35,45.98,88.24,1420,1420,1420,1420,1670,1670,1670,1747,55.00,46.00,-1,59,35.00,700,3.516
59,0,0,33.67,54.72,44.54,49.15,50.85,49.11,58.12,54.70,53.91,75.83,1420,1420,1420,1420,1670,1670,1670,1747,55.40,45.00,-1,59,35.00,829,3.516
59,0,0,33.67,49.42,37.35,43.18,40.96,41.18,55.68,51.69,57.95,67.82,1420,1420,1420,1420,1670,1670,1670,1747,55.40,49.00,-1,59,35.00,829,3.516
59,0,0,16.98,54.19,46.90,50.00,50.43,50.43,47.83,47.90,53.45,86.73,1804,1804,1804,1804,1766,1766,1766,2073,56.20,49.00,-1,59,35.00,829,3.516
59,0,0,16.98,50.52,40.96,49.40,44.71,39.24,44.58,49.43,50.57,86.90,1420,1420,1420,1420,1670,1670,1670,1747,55.80,48.00,-1,59,35.00,725,3.516
60,0,0,16.92,54.51,48.70,51.33,47.71,48.18,52.21,49.15,50.91,86.61,1420,1420,1420,1420,1670,1670,1670,1747,56.20,50.00,-1,58,35.00,725,3.435
60,0,0,16.92,49.27,40.00,42.35,40.48,41.38,44.83,50.57,48.28,87.06,1420,1420,1420,1420,1670,1670,1670,1747,56.20,49.00,-1,58,35.00,725,3.435
59,0,0,16.88,50.51,36.89,44.64,44.44,42.59,44.95,48.72,50.89,89.09,1420,1420,1420,1420,1670,1670,1670,1747,56.20,48.00,-1,58,35.00,988,3.435
59,0,0,16.88,50.57,39.29,44.83,43.82,43.02,48.28,45.45,50.56,88.64,1420,1420,1420,1420,1670,1670,1670,1747,55.80,49.00,-1,58,35.00,988,3.435
60,0,0,16.87,49.73,38.94,40.00,42.24,41.67,48.76,47.83,50.82,87.93,1420,1420,1420,1420,1670,1670,1670,1747,55.80,49.00,-1,58,35.00,988,3.435
60,0,0,16.87,48.98,34.94,44.32,41.67,40.70,42.35,46.51,50.00,89.53,1420,1420,1420,1420,1670,1670,1670,1747,55.80,46.00,-1,58,35.00,724,3.435
60,0,0,16.99,50.11,37.84,42.34,38.53,44.74,50.42,47.37,53.10,85.09,1420,1420,1420,1420,1670,1670,1670,1747,55.40,49.00,-1,58,35.00,724,3.435
60,0,0,16.99,49.34,32.91,41.86,41.18,40.24,53.49,49.41,48.28,85.23,1420,1420,1420,1420,1670,1670,1670,1747,56.20,46.00,-1,58,35.00,724,3.435
58,0,0,33.58,52.87,42.86,43.64,46.96,42.99,57.39,56.41,55.26,76.79,1420,1420,1420,1420,1670,1670,1670,1747,56.60,49.00,-1,58,35.00,910,3.435
58,0,0,33.58,51.97,46.43,47.73,40.00,43.02,53.33,50.59,49.40,84.88,1420,1420,1420,1420,1670,1670,1670,1747,57.00,48.00,-1,58,35.00,910,3.435
60,0,0,17.07,52.39,40.37,46.22,45.22,44.25,66.95,58.26,57.02,60.50,1420,1420,1420,1420,1670,1670,1670,1747,56.20,48.00,-1,58,35.00,910,3.435
60,0,0,17.07,44.54,27.63,36.59,34.94,35.71,51.76,40.70,55.29,70.24,1420,1420,1420,1420,1670,1670,1670,1747,56.60,45.00,-1,58,35.00,741,3.435
59,0,0,16.87,54.65,50.46,54.31,51.33,53.04,56.03,44.55,53.98,73.91,1420,1420,1420,1420,1670,1670,1670,1747,56.60,48.00,-1,58,35.00,741,3.435
59,0,0,16.87,51.54,44.44,43.53,45.88,45.98,71.43,53.49,43.53,61.36,1420,1420,1420,1420,1670,1670,1670,1747,55.80,46.00,-1,58,35.00,741,3.435
59,0,0,33.60,49.77,38.89,46.49,43.40,43.12,52.17,42.99,45.37,85.84,1420,1420,1420,1420,1670,1670,1670,1747,55.80,50.00,-1,58,35.00,740,3.435
59,0,0,33.60,45.43,37.21,42.70,39.53,35.37,38.82,37.65,46.07,82.02,1420,1420,1420,1420,1670,1670,1670,1747,55.40,49.00,-1,58,35.00,740,3.435
60,0,0,17.05,48.37,39.62,47.06,41.82,43.24,42.59,46.90,44.14,83.19,1420,1420,1420,1420,1670,1670,1670,1747,55.80,50.00,-1,58,35.00,740,3.435
60,0,0,17.05,44.49,34.57,41.38,37.65,41.57,47.13,40.48,47.73,64.04,1420,1420,1420,1420,1670,1670,1670,1747,55.80,51.00,-1,58,35.00,717,3.435
59,0,0,16.93,48.43,33.64,39.64,40.87,42.48,53.70,50.00,47.71,76.11,1420,1420,1420,1420,1670,1670,1670,1747,57.00,54.00,-1,58,35.00,717,3.435
59,0,0,16.93,51.24,33.73,42.22,39.53,43.75,57.95,55.68,53.66,84.71,1420,1420,1420,1420,1670,1670,1670,1747,56.60,54.00,-1,58,35.00,717,3.435
60,0,0,17.02,51.31,40.00,43.93,45.61,46.43,66.06,59.29,54.46,54.95,1420,1420,1420,1420,1670,1670,1670,1747,56.60,53.00,-1,58,35.00,757,3.435
60,0,0,17.02,49.86,35.37,44.44,41.38,43.18,56.98,48.86,45.35,79.78,1420,1420,1420,1420,1670,1670,1670,1747,56.20,55.00,-1,58,35.00,757,3.435
59,0,0,17.05,50.93,43.10,42.61,44.25,46.96,58.77,50.91,53.57,67.83,1420,1420,1420,1420,1670,1670,1670,1747,56.20,55.00,-1,58,35.10,757,3.489
59,0,0,17.05,49.93,37.04,44.05,42.17,42.17,50.60,43.21,49.43,87.21,1420,1420,1420,1420,1670,1670,1670,1747,56.20,57.00,-1,58,35.10,746,3.489
59,0,0,17.03,51.33,38.39,40.18,42.20,50.00,50.43,51.75,53.04,84.68,1420,1420,1420,1420,1766,1766,1766,1747,57.00,54.00,-1,58,35.10,746,3.489
59,0,0,17.03,52.35,37.35,39.53,42.35,42.86,73.49,66.67,59.30,56.98,1804,1804,1804,1804,1766,1766,1766,2073,56.20,59.00,-1,58,35.10,746,3.489
59,0,0,33.58,52.08,42.59,38.89,43.48,47.83,54.46,55.96,57.02,77.39,1420,1420,1420,1420,1670,1670,1670,1747,57.40,58.00,-1,58,35.10,784,3.489
59,0,0,33.58,56.54,38.10,42.53,41.67,44.71,70.11,65.12,66.28,83.53,1420,1420,1420,1420,1766,1766,1766,1747,59.70,58.00,-1,58,35.10,784,3.489
58,0,0,33.58,60.44,39.62,52.10,49.57,50.43,87.18,76.32,75.68,50.88,1420,1420,1420,1420,1766,1766,1766,1747,59.70,57.00,-1,58,35.10,784,3.489
58,0,0,33.58,53.87,37.80,43.02,42.68,45.98,69.14,59.52,67.44,64.29,1420,1420,1420,1420,1670,1670,1670,1747,57.40,57.00,-1,58,35.10,856,3.489
59,0,0,16.93,50.00,37.74,42.98,40.87,49.14,56.64,47.01,51.75,73.68,1420,1420,1420,1420,1670,1670,1670,1075,57.00,56.00,-1,58,35.10,856,3.489
59,0,0,16.93,47.41,35.80,41.57,37.35,40.70,47.56,41.67,42.68,87.36,1420,1420,1420,1420,1670,1670,1670,1747,56.60,56.00,-1,58,35.10,856,3.489
60,0,0,16.87,49.94,44.14,43.24,47.37,49.09,47.71,44.55,45.54,80.36,1420,1420,1420,1420,1766,1766,1766,2073,56.60,51.00,-1,58,35.10,729,3.489
60,0,0,16.87,45.63,32.05,33.33,38.10,45.88,48.78,48.84,37.35,79.07,1420,1420,1420,1420,1670,1670,1670,1747,56.20,51.00,-1,58,35.10,729,3.489
57,0,0,33.60,48.21,39.81,37.84,41.07,44.25,58.62,40.54,50.91,70.18,1420,1420,1420,1420,1670,1670,1670,1747,55.40,48.00,-1,58,35.10,729,3.489
57,0,0,33.60,48.12,38.27,34.57,41.67,43.53,46.15,49.38,49.43,81.18,1420,1420,1420,1420,1670,1670,1670,1747,56.20,48.00,-1,58,35.10,730,3.489
58,0,0,33.61,50.83,36.89,43.59,44.74,43.86,47.37,50.43,58.12,79.65,1420,1420,1420,1420,1670,1670,1670,1747,57.00,51.00,-1,58,35.10,730,3.489
58,0,0,33.61,50.52,39.76,47.67,41.18,44.94,60.49,52.94,44.05,73.49,1420,1420,1420,1420,1670,1670,1670,1747,56.60,51.00,-1,58,35.10,730,3.489
59,0,0,16.87,49.61,38.89,40.35,44.64,46.43,49.09,48.21,50.45,79.09,1420,1420,1420,1420,1670,1670,1670,1747,56.60,55.00,-1,58,35.10,976,3.489
59,0,0,16.87,51.87,41.46,45.24,47.56,50.56,53.66,45.78,47.50,83.72,1420,1420,1420,1420,1670,1670,1670,1747,57.00,55.00,-1,57,35.20,976,3.408
55,0,0,33.63,53.52,42.86,49.17,44.86,45.87,65.49,53.57,64.04,61.40,1420,1420,1420,1420,1670,1670,1670,1747,57.00,50.00,-1,57,35.20,976,3.408
55,0,0,33.63,49.42,38.55,40.70,43.68,43.18,65.12,50.57,50.60,61.96,1420,1420,1420,1420,1766,1766,1766,1747,56.20,50.00,-1,57,35.20,1006,3.408
59,0,0,17.03,50.78,39.25,45.13,50.43,40.74,60.00,47.22,56.14,65.22,1420,1420,1420,1420,1670,1670,1670,1747,56.20,49.00,-1,57,35.20,1006,3.408
59,0,0,17.03,45.75,35.29,36.14,44.83,38.10,57.78,42.35,41.57,70.73,1420,1420,1420,1420,1670,1670,1670,1747,55.40,49.00,-1,57,35.20,1006,3.408
59,0,0,16.94,48.12,41.38,41.96,46.90,44.64,45.13,47.71,40.87,77.68,1420,1420,1420,1420,1670,1670,1670,1747,56.20,49.00,-1,57,35.20,710,3.408
59,0,0,16.94,45.55,32.91,41.11,41.86,41.18,40.96,38.82,41.18,81.40,1420,1420,1420,1420,1670,1670,1670,1747,55.80,49.00,-1,57,35.20,710,3.408
55,1,0,50.42,53.43,46.09,46.28,47.86,49.15,57.76,53.91,57.14,70.83,1420,1420,1420,1420,1766,1766,1766,1747,58.10,47.00,-1,57,35.20,710,3.408
55,1,0,50.42,73.68,70.89,72.15,76.47,73.75,72.29,68.75,70.13,84.15,1420,1420,1420,1420,1670,1670,1670,1747,57.40,47.00,-1,57,35.20,917,3.408
59,0,0,33.72,55.92,51.33,50.43,50.00,55.56,49.56,50.00,53.51,86.36,1420,1420,1420,1420,1670,1670,1670,1747,56.20,55.00,-1,57,35.20,917,3.408
59,0,0,33.72,46.95,35.00,42.22,45.56,41.38,41.67,44.05,40.00,84.88,1420,1420,1420,1420,1670,1670,1670,1747,56.20,52.00,-1,57,35.20,917,3.408
57,1,0,67.20,48.84,35.85,38.53,49.57,46.67,50.88,41.74,47.79,78.26,1420,1420,1420,1420,1670,1670,1670,1747,56.60,50.00,-1,57,35.20,787,3.408
57,1,0,67.20,47.41,33.33,43.02,44.05,40.96,55.17,55.17,41.38,64.63,1420,1420,1420,1420,1670,1670,1670,1747,55.80,48.00,-1,57,35.20,787,3.408
57,0,0,33.61,48.65,42.86,38.39,41.82,44.64,54.46,44.14,42.20,81.74,1420,1420,1420,1420,1670,1670,1670,1075,56.60,49.00,-1,57,35.20,787,3.408
57,0,0,33.61,48.55,33.75,45.74,41.86,45.35,58.43,49.41,41.86,69.05,1420,1420,1420,1420,1670,1670,1670,1747,56.20,48.00,-1,57,35.20,808,3.408
59,0,0,33.73,47.81,35.51,42.20,43.59,43.12,44.74,41.59,44.14,85.84,1420,1420,1420,1420,1670,1670,1670,1747,57.00,49.00,-1,57,35.20,808,3.408
59,0,0,33.73,44.85,34.52,40.22,37.21,38.10,37.80,41.11,39.76,89.89,1420,1420,1420,1420,1670,1670,1670,1747,56.60,50.00,-1,57,35.20,808,3.408
59,0,0,17.01,47.89,34.91,42.86,45.61,43.75,42.61,42.61,42.61,88.50,1420,1420,1420,1420,1670,1670,1670,1747,55.40,53.00,-1,57,35.20,800,3.408
59,0,0,17.01,45.02,34.15,38.82,41.67,46.07,42.17,38.55,37.35,81.18,1420,1420,1420,1420,1670,1670,1670,1747,55.80,50.00,-1,57,35.20,800,3.408
59,0,0,16.94,45.51,33.64,41.59,44.83,43.48,39.64,36.21,40.18,82.88,1420,1420,1420,1420,1670,1670,1670,1747,55.80,48.00,-1,57,35.20,800,3.408
59,0,0,16.94,45.12,39.77,43.33,41.18,39.53,54.55,52.94,46.99,45.88,1420,1420,1420,1420,1670,1670,1670,1747,55.80,46.00,-1,57,35.20,699,3.408
59,0,0,16.94,46.09,36.19,40.71,42.34,44.83,35.45,42.34,42.73,84.11,1420,1420,1420,1420,1670,1670,1670,1747,56.20,48.00,-1,57,35.20,699,3.408
59,0,0,16.94,48.05,42.70,43.82,45.98,46.43,38.55,42.17,46.51,77.01,1420,1420,1420,1420,1670,1670,1670,1747,56.20,47.00,-1,57,35.20,699,3.503
59,0,0,16.96,45.96,43.12,46.09,46.02,46.36,39.29,38.26,37.84,72.57,1420,1420,1420,1420,1670,1670,1670,1747,55.80,45.00,-1,57,35.20,704,3.503
59,0,0,16.96,42.30,33.33,36.14,43.53,35.37,42.35,35.00,34.57,74.70,1420,1420,1420,1420,1670,1670,1670,1747,54.60,39.00,-1,57,35.20,704,3.503
60,0,0,16.92,43.91,32.38,43.86,40.18,36.36,36.28,41.44,42.24,76.47,1420,1420,1420,1420,1670,1670,1670,1747,54.30,42.00,-1,57,35.20,704,3.503
60,0,0,16.92,47.50,35.80,44.71,43.37,38.55,45.35,44.71,45.98,80.00,1420,1420,1420,1420,1670,1670,1670,1747,55.80,47.00,-1,57,35.20,689,3.503
59,0,0,17.06,45.73,33.65,41.07,43.48,39.82,42.98,41.59,39.81,80.53,1420,1420,1420,1420,1670,1670,1670,1747,56.20,48.00,-1,57,35.20,689,3.503
59,0,0,17.06,45.55,33.75,40.00,38.75,38.37,45.98,43.96,39.76,86.36,1420,1420,1420,1420,1670,1670,1670,1747,55.80,49.00,-1,57,35.20,689,3.503
58,0,0,33.60,49.67,35.29,47.46,50.00,43.86,49.57,39.47,45.69,83.93,1420,1420,1420,1420,1670,1670,1670,1747,56.20,51.00,-1,57,35.20,712,3.503
58,0,0,33.60,44.78,26.92,41.86,40.48,34.94,38.37,44.71,42.35,84.52,1420,1420,1420,1420,1670,1670,1670,1747,55.80,55.00,-1,57,35.20,712,3.503
60,0,0,17.01,46.56,34.91,39.81,44.14,40.37,41.96,40.18,46.09,85.71,1420,1420,1420,1420,1670,1670,1670,1747,55.80,55.00,-1,57,35.20,712,3.503
60,0,0,17.01,47.31,33.33,47.25,46.67,40.70,36.47,46.43,41.18,83.72,1420,1420,1420,1420,1670,1670,1670,1747,55.80,51.00,-1,57,35.20,736,3.503
59,0,0,16.85,46.11,30.10,44.44,45.54,38.89,45.69,43.48,37.04,82.88,1420,1420,1420,1420,1670,1670,1670,1747,55.00,50.00,-1,57,35.20,736,3.503
59,0,0,16.85,44.44,32.93,39.29,40.48,36.90,45.12,47.62,43.68,68.97,1420,1420,1420,1420,1670,1670,1670,1747,54.60,51.00,-1,57,35.20,736,3.503
60,0,0,17.00,47.69,40.54,44.25,45.05,40.18,50.00,41.74,43.97,75.22,1420,1420,1420,1420,1670,1670,1670,1747,55.00,53.00,-1,57,35.20,710,3.503
60,0,0,17.00,47.94,37.18,49.43,45.35,46.59,45.45,39.76,41.46,78.57,1420,1420,1420,1420,1670,1670,1670,1747,54.60,51.00,-1,57,35.20,710,3.503
60,0,0,16.98,45.59,30.10,43.86,44.83,35.51,41.38,38.94,52.21,74.77,1420,1420,1420,1420,1670,1670,1670,1747,55.00,51.00,-1,57,35.20,710,3.503
60,0,0,16.98,48.31,40.00,45.35,45.24,44.19,44.83,51.14,44.32,75.61,1420,1420,1420,1420,1670,1670,1670,1747,55.40,52.00,-1,57,35.20,723,3.503
60,0,0,16.94,44.42,30.10,43.64,44.64,38.32,42.34,37.50,43.64,74.77,1420,1420,1420,1420,1670,1670,1670,1747,55.80,57.00,-1,57,35.20,723,3.503
60,0,0,16.94,44.56,33.33,41.86,43.82,37.35,39.76,36.47,43.18,78.31,1420,1420,1420,1420,1670,1670,1670,1747,55.80,54.00,-1,57,35.20,723,3.503
59,0,0,16.86,47.12,35.24,47.93,41.12,42.34,40.71,41.53,43.48,83.19,1420,1420,1420,1420,1670,1670,1670,1747,55.80,49.00,-1,57,35.20,702,3.503
59,0,0,16.86,46.29,32.05,44.94,41.67,35.80,48.81,43.02,44.71,77.01,1420,1420,1420,1420,1670,1670,1670,1747,54.60,49.00,-1,57,35.20,702,3.503
60,0,0,16.89,48.21,30.39,42.34,45.61,42.24,57.02,49.11,42.20,74.34,1420,1420,1420,1420,1670,1670,1670,1747,56.20,49.00,-1,57,35.20,702,3.503
60,0,0,16.89,48.89,37.04,46.07,41.67,38.82,46.43,46.51,46.99,87.06,1420,1420,1420,1420,1670,1670,1670,1747,55.80,52.00,-1,57,35.30,734,3.488
59,0,0,16.89,48.77,34.58,43.86,43.86,35.51,50.88,46.36,47.32,86.61,1420,1420,1420,1420,1670,1670,1670,1747,56.20,54.00,-1,57,35.30,734,3.488
59,0,0,16.89,44.74,28.57,43.33,41.18,39.08,39.76,39.08,42.35,85.71,1420,1420,1420,1420,1670,1670,1670,1747,55.00,53.00,-1,57,35.30,734,3.488
60,0,0,17.04,45.71,32.69,40.54,38.32,35.78,42.24,42.48,43.36,88.29,1420,1420,1420,1420,1670,1670,1670,1747,55.40,46.00,-1,57,35.30,724,3.488
60,0,0,17.04,46.43,31.17,43.37,45.35,36.90,51.14,40.96,40.96,79.31,1420,1420,1420,1420,1670,1670,1670,1747,55.00,56.00,-1,57,35.30,724,3.488
60,0,0,16.84,47.37,37.84,45.61,47.32,40.91,43.24,39.82,43.86,81.08,1420,1420,1420,1420,1670,1670,1670,1747,55.80,55.00,-1,57,35.30,724,3.488
60,0,0,16.84,45.43,33.75,41.38,39.29,37.50,44.05,45.35,40.96,81.40,1420,1420,1420,1420,1670,1670,1670,1747,55.40,50.00,-1,57,35.30,721,3.488
59,0,0,16.87,46.38,34.26,44.83,37.96,40.54,42.34,40.87,43.86,84.07,1420,1420,1420,1420,1670,1670,1670,1747,57.00,48.00,-1,57,35.30,721,3.488
59,0,0,16.87,44.63,28.77,41.18,37.80,33.75,45.88,44.05,49.41,72.29,1420,1420,1420,1420,1670,1670,1670,1747,55.40,43.00,-1,57,35.30,721,3.488
59,0,0,16.91,45.50,35.51,44.83,44.14,44.35,54.24,45.05,39.64,55.75,1420,1420,1420,1420,1670,1670,1670,1632,54.60,43.00,-1,57,35.30,687,3.488
59,0,0,16.91,42.38,30.00,44.83,37.35,35.80,39.76,42.17,42.86,66.67,1420,1420,1420,1420,1670,1670,1670,1747,54.30,43.00,-1,57,35.30,687,3.488
59,0,0,16.92,48.41,38.10,46.36,45.05,43.64,51.35,48.25,42.86,70.91,1420,1420,1420,1420,1670,1670,1670,1747,55.40,43.00,-1,56,35.30,687,3.491
59,0,0,16.92,44.54,32.50,43.33,40.96,37.04,45.98,34.88,41.18,80.00,1420,1420,1420,1420,1670,1670,1670,1747,54.60,44.00,-1,56,35.30,721,3.491
60,0,0,16.88,46.29,39.05,41.74,38.32,39.82,48.31,39.13,38.94,82.05,1420,1420,1420,1420,1670,1670,1670,1747,55.40,44.00,-1,56,35.30,721,3.491
60,0,0,16.88,43.99,32.47,39.76,41.25,35.80,55.95,36.14,40.48,68.67,1420,1420,1420,1420,1670,1670,1670,1747,54.60,45.00,-1,56,35.30,721,3.491
60,0,0,16.91,45.94,36.11,41.28,44.14,38.89,48.65,42.98,41.88,73.64,1420,1420,1420,1420,1670,1670,1670,1747,54.60,46.00,-1,56,35.30,695,3.491
60,0,0,16.91,43.15,31.25,39.29,37.65,36.59,56.52,42.17,39.08,61.18,1420,1420,1420,1420,1670,1670,1670,1747,54.30,46.00,-1,56,35.30,695,3.491
60,0,0,16.90,43.35,34.95,40.37,43.24,37.74,49.09,46.43,38.53,56.36,1420,1420,1420,1420,1670,1670,1670,1747,55.00,44.00,-1,56,35.30,695,3.491
60,0,0,16.90,43.40,30.86,38.82,39.77,37.93,44.94,40.91,47.67,65.91,1420,1420,1420,1420,1670,1670,1670,1747,55.00,43.00,-1,56,35.30,682,3.491
60,0,0,16.94,45.74,37.04,43.86,41.44,40.18,45.13,34.55,43.97,77.59,1420,1420,1420,1420,1670,1670,1670,1516,54.60,44.00,-1,56,35.30,682,3.491
60,0,0,16.94,44.53,30.49,41.18,41.86,32.93,51.14,44.83,41.98,68.60,1420,1420,1420,1420,1670,1670,1670,1747,55.00,46.00,-1,56,35.30,682,3.491
60,0,0,16.97,45.27,34.91,43.86,40.91,41.07,41.82,39.25,38.32,81.25,1420,1420,1420,1420,1670,1670,1670,1747,55.40,48.00,-1,56,35.30,694,3.491
60,0,0,16.97,46.04,37.80,41.67,39.51,39.02,51.16,47.62,45.12,63.53,1420,1420,1420,1420,1670,1670,1670,1747,55.00,45.00,-1,56,35.30,694,3.491
60,0,0,16.87,44.49,31.68,41.07,40.37,41.44,45.13,41.59,45.13,70.54,1420,1420,1420,1420,1670,1670,1670,1632,54.30,44.00,-1,56,35.30,694,3.491
60,0,0,16.87,45.51,36.47,39.76,40.24,41.18,51.72,50.57,42.35,58.14,1420,1420,1420,1420,1670,1670,1670,1747,55.00,46.00,-1,56,35.30,727,3.491
59,0,0,16.88,46.53,32.00,47.79,47.83,41.07,52.68,46.15,41.44,63.06,1420,1420,1420,1420,1670,1670,1670,1747,55.00,45.00,-1,56,35.30,727,3.491
59,0,0,16.88,43.71,32.53,38.64,41.38,40.48,43.68,52.75,40.00,60.00,1420,1420,1420,1420,1670,1670,1670,1747,54.30,45.00,-1,56,35.30,727,3.491
59,0,0,17.05,46.50,39.05,42.98,45.54,45.87,59.17,45.13,38.32,54.78,1420,1420,1420,1420,1670,1670,1670,1747,54.30,42.00,-1,56,35.30,691,3.491
59,0,0,17.05,44.11,32.05,44.44,39.02,38.75,48.81,54.22,39.53,54.65,1420,1420,1420,1420,1670,1670,1670,1747,54.60,41.00,-1,56,35.30,691,3.491
59,0,0,16.98,41.08,25.93,36.61,38.66,37.96,34.51,37.82,34.23,79.31,1420,1420,1420,1420,1670,1670,1670,1747,55.80,42.00,-1,56,35.30,691,3.491
59,0,0,16.98,46.18,37.93,38.10,44.19,43.68,42.53,49.43,41.67,73.56,1420,1420,1420,1420,1670,1670,1670,1747,54.60,42.00,-1,56,35.30,677,3.491
60,0,0,17.05,41.46,28.57,31.82,34.55,35.65,50.00,33.33,35.40,79.65,1420,1420,1420,1420,1670,1670,1670,1747,57.70,42.00,-1,56,35.30,677,3.491
60,0,0,17.05,45.22,36.36,38.55,42.70,43.68,40.24,43.82,43.18,75.86,1420,1420,1420,1420,1670,1670,1670,1747,54.60,45.00,-1,56,35.30,677,3.491
60,0,0,16.93,43.19,34.75,40.00,40.00,43.86,34.21,36.28,35.71,80.53,1420,1420,1420,1420,1670,1670,1670,1747,55.00,43.00,-1,56,35.30,657,3.517
60,0,0,16.93,46.97,40.22,38.55,41.18,38.55,44.71,47.83,40.70,82.14,1420,1420,1420,1420,1670,1670,1670,1747,54.60,45.00,-1,56,35.30,657,3.517
59,0,0,17.00,47.90,47.06,39.64,41.23,46.09,48.25,38.18,40.18,83.19,1420,1420,1420,1420,1670,1670,1670,1747,54.60,48.00,-1,56,35.30,657,3.517
59,0,0,17.00,46.33,40.66,35.00,39.51,44.19,37.80,44.83,44.32,85.54,1420,1420,1420,1420,1670,1670,1670,1747,54.30,46.00,-1,56,35.30,731,3.517
59,0,0,17.04,50.00,40.18,40.54,47.01,47.37,48.25,46.90,47.90,82.46,1420,1420,1420,1420,1670,1670,1670,1747,55.80,45.00,-1,56,35.30,731,3.517
59,0,0,17.04,46.04,37.35,37.35,40.24,39.02,36.25,39.76,45.98,87.95,1420,1420,1420,1420,1670,1670,1670,1747,55.00,46.00,-1,56,35.30,731,3.517
60,0,0,16.98,49.08,45.00,44.25,44.92,45.30,44.74,39.13,46.43,84.96,1420,1420,1420,1420,1670,1670,1670,1747,55.40,46.00,-1,56,35.30,829,3.517
60,0,0,16.98,46.26,37.65,44.44,40.00,43.18,36.71,44.44,44.19,80.25,1420,1420,1420,1420,1670,1670,1670,1747,55.40,43.00,-1,56,35.30,829,3.517
60,0,0,16.91,48.65,44.74,41.28,43.12,43.75,45.45,45.05,44.04,81.48,1420,1420,1420,1420,1670,1670,1670,1747,55.40,43.00,-1,56,35.30,829,3.517
60,0,0,16.91,49.35,37.35,48.42,43.02,46.07,42.68,45.98,47.06,84.52,1420,1420,1420,1420,1670,1670,1670,1747,55.80,48.00,-1,56,35.30,803,3.517
60,0,0,16.96,49.22,42.61,42.20,45.69,46.22,44.55,37.50,44.55,87.93,1420,1420,1420,1420,1670,1670,1670,1747,55.80,44.00,-1,56,35.30,803,3.517
60,0,0,16.96,43.60,34.09,34.48,39.08,41.76,38.10,40.70,37.80,81.82,1420,1420,1420,1420,1670,1670,1670,1747,54.60,42.00,-1,56,35.30,803,3.517
60,0,0,16.97,39.03,29.06,30.70,33.33,33.93,32.08,39.45,36.11,79.82,1420,1420,1420,1420,1670,1670,1670,1747,54.60,41.00,-1,56,35.30,775,3.517
60,0,0,16.97,40.37,23.60,31.40,32.56,35.96,45.45,41.86,43.02,68.24,1420,1420,1420,1420,1670,1670,1670,1747,54.60,43.00,-1,56,35.30,775,3.517
59,0,0,17.00,42.36,26.89,33.04,34.23,33.62,50.00,54.39,47.83,58.93,1420,1420,1420,1420,1670,1670,1670,1516,54.60,45.00,-1,56,35.30,775,3.517
59,0,0,17.00,38.47,24.18,28.74,30.68,27.38,42.17,38.82,43.37,76.74,1420,1420,1420,1420,1670,1670,1670,1747,54.60,43.00,-1,56,35.30,707,3.517
60,0,0,17.06,41.24,33.88,33.33,31.48,35.83,38.74,36.28,38.53,81.25,1420,1420,1420,1420,1670,1670,1670,1747,55.00,41.00,-1,56,35.30,707,3.517
60,0,0,17.06,44.04,33.33,38.04,42.27,39.33,37.50,36.47,37.50,88.64,1420,1420,1420,1420,1670,1670,1670,1747,55.00,41.00,-1,56,35.30,707,3.517
59,0,0,16.90,48.06,39.09,41.53,45.76,42.48,45.45,43.12,43.24,82.88,1420,1420,1420,1420,1670,1670,1670,1747,55.40,46.00,-1,56,35.30,768,3.517
59,0,0,16.90,47.18,37.65,43.96,43.02,40.00,42.05,41.38,47.67,81.18,1420,1420,1420,1420,1670,1670,1670,1747,55.40,43.00,-1,56,35.30,768,3.517
59,0,0,17.12,46.27,37.27,38.05,45.76,39.13,37.38,38.74,41.82,89.66,1420,1420,1420,1420,1670,1670,1670,1747,55.80,46.00,-1,56,35.30,768,3.517
59,0,0,17.12,47.52,36.47,43.01,43.48,42.39,46.59,39.29,40.74,88.37,1804,1804,1804,1804,1766,1766,1766,2073,55.00,45.00,-1,56,35.30,765,3.517
60,0,0,17.02,42.12,37.39,34.45,32.76,32.74,38.74,36.70,38.39,86.21,1420,1420,1420,1420,1670,1670,1670,1747,55.80,41.00,-1,56,35.30,765,3.454
60,0,0,17.02,37.30,21.18,31.46,32.58,34.44,34.15,32.94,32.93,79.07,1420,1420,1420,1420,1670,1670,1670,844,54.60,38.00,-1,56,35.30,765,3.454
59,0,0,17.01,67.64,69.30,68.91,71.19,74.78,60.71,60.87,58.04,76.72,1420,1420,1420,1420,1670,1670,1670,1747,56.20,34.00,-1,56,35.30,722,3.454
59,0,0,17.01,51.89,40.74,46.24,49.46,50.00,55.95,52.44,49.38,73.17,1420,1420,1420,1420,1670,1670,1670,1747,56.20,43.00,-1,56,35.30,722,3.454
60,0,0,17.00,49.89,37.61,45.69,43.36,49.58,45.54,47.79,42.59,87.27,1420,1420,1420,1420,1670,1670,1670,1747,55.40,46.00,-1,56,35.30,722,3.454
60,0,0,17.00,45.53,33.33,41.11,39.77,42.05,39.53,47.13,42.53,78.16,1420,1420,1420,1420,1670,1670,1670,1747,55.80,40.00,-1,56,35.30,739,3.454
59,0,0,16.99,49.33,41.82,47.11,42.34,45.30,51.33,41.12,46.85,79.09,1420,1420,1420,1420,1670,1670,1670,1747,55.80,45.00,-1,56,35.30,739,3.454
59,0,0,16.99,47.73,43.18,43.96,44.57,44.44,52.27,40.70,45.24,67.05,1420,1420,1420,1420,1670,1670,1670,1747,55.80,42.00,-1,56,35.30,739,3.454
59,0,0,17.04,46.03,37.61,41.53,44.26,45.90,43.75,38.39,45.13,70.43,1420,1420,1420,1420,1670,1670,1670,1747,55.40,41.00,-1,56,35.30,713,3.454
59,0,0,17.04,47.63,40.00,46.67,44.58,45.88,44.05,41.46,39.02,81.48,1804,1804,1804,1804,1766,1766,1766,2073,55.00,40.00,-1,56,35.30,713,3.454
58,0,0,33.59,49.50,42.06,44.74,43.86,44.74,58.77,49.55,47.79,63.16,1420,1420,1420,1420,1670,1670,1670,1747,55.00,38.00,-1,56,35.30,713,3.454
58,0,0,33.59,49.57,41.18,48.89,47.19,47.78,52.44,45.88,44.83,68.54,1420,1420,1420,1420,1670,1670,1670,1747,56.20,42.00,-1,55,35.30,724,3.492
60,0,0,17.05,58.92,62.83,69.57,62.39,62.50,51.38,50.00,43.48,71.05,1420,1420,1420,1420,1670,1670,1670,1747,55.80,39.00,-1,55,35.30,724,3.492
60,0,0,17.05,59.38,68.54,67.82,66.67,64.37,52.81,44.32,41.57,67.44,1420,1420,1420,1420,1670,1670,1670,1747,55.00,37.00,-1,55,35.30,724,3.492
60,0,0,16.93,48.62,43.24,48.28,49.15,46.49,47.79,44.64,40.19,69.09,1420,1420,1420,1420,1670,1670,1670,1747,55.40,38.00,-1,55,35.30,717,3.492
60,0,0,16.93,51.42,47.13,44.19,47.73,46.59,54.35,45.88,48.89,75.00,1420,1420,1420,1420,1670,1670,1670,1747,56.60,43.00,-1,55,35.30,717,3.492
56,0,0,33.60,54.33,50.00,47.86,51.30,49.12,64.96,50.44,51.72,69.64,1420,1420,1420,1420,1670,1670,1670,1747,56.60,47.00,-1,55,35.30,717,3.492
56,0,0,33.60,46.19,39.33,39.76,38.82,41.46,44.19,42.05,45.45,80.95,1420,1420,1420,1420,1670,1670,1670,1747,55.80,40.00,-1,55,35.30,838,3.492
56,0,0,33.62,50.11,41.82,44.64,40.74,42.86,58.97,50.00,48.67,70.43,1420,1420,1420,1420,1766,1766,1766,1747,56.20,37.00,-1,55,35.30,838,3.492
56,0,0,33.62,48.93,37.93,41.38,44.94,39.77,58.62,50.56,52.75,67.06,1420,1420,1420,1420,1766,1766,1766,844,56.60,37.00,-1,55,35.30,838,3.492
59,0,0,16.96,45.47,40.00,42.11,40.00,36.19,50.44,42.11,41.23,71.68,1420,1420,1420,1420,1670,1670,1670,1747,54.60,40.00,-1,55,35.30,728,3.492
59,0,0,16.96,40.75,27.91,36.05,30.86,37.21,37.93,35.56,35.63,84.71,1420,1420,1420,1420,1670,1670,1670,1516,56.20,40.00,-1,55,35.30,728,3.492
59,0,0,33.59,51.99,42.86,49.58,43.36,40.37,56.67,50.43,52.54,78.95,1420,1420,1420,1420,1670,1670,1670,1747,55.00,39.00,-1,55,35.30,728,3.492
59,0,0,33.59,43.38,37.65,40.00,38.37,36.59,41.11,44.94,34.52,75.00,1420,1420,1420,1420,1670,1670,1670,1747,54.60,39.00,-1,55,35.30,688,3.492
60,0,0,16.94,49.13,43.86,48.70,46.49,46.61,48.76,44.44,41.23,72.65,1420,1420,1420,1420,1670,1670,1670,1747,54.60,37.00,-1,55,35.30,688,3.492
60,0,0,16.94,49.71,44.19,49.41,47.62,40.74,66.67,50.00,46.51,52.44,1420,1420,1420,1420,1670,1670,1670,1747,55.00,37.00,-1,55,35.30,688,3.492
59,0,0,17.03,46.05,39.82,42.61,42.11,38.32,53.04,50.42,46.15,52.54,1420,1420,1420,1420,1670,1670,1670,844,54.60,40.00,-1,55,35.30,703,3.492
59,0,0,17.03,39.80,27.59,34.12,28.40,29.76,47.25,45.56,42.70,62.64,1420,1420,1420,1420,1670,1670,1670,844,53.50,40.00,-1,55,35.30,703,3.492
59,0,0,16.99,43.89,39.66,39.29,41.59,39.82,38.94,36.75,37.50,79.31,1420,1420,1420,1420,1670,1670,1670,1747,55.00,37.00,-1,55,35.30,703,3.492
59,0,0,16.99,46.42,41.18,42.35,37.97,39.53,66.67,43.01,57.47,40.66,1420,1420,1420,1420,1670,1670,1670,844,54.30,37.00,-1,55,35.30,680,3.492
59,0,0,16.87,45.65,38.39,43.48,44.07,36.11,42.37,40.52,41.38,76.47,1420,1420,1420,1420,1670,1670,1670,1747,55.80,41.00,-1,55,35.30,680,3.492
59,0,0,16.87,47.41,40.74,42.50,44.19,40.96,47.19,42.86,42.22,79.76,1420,1420,1420,1420,1670,1670,1670,1747,55.00,41.00,-1,55,35.30,680,3.492
59,0,0,16.84,44.70,38.74,40.00,36.11,36.94,37.39,39.50,41.32,85.84,1420,1420,1420,1420,1670,1670,1670,1747,55.00,38.00,-1,55,35.30,690,3.492
59,0,0,16.84,43.53,34.83,40.70,38.82,36.36,34.48,35.96,46.15,82.56,1420,1420,1420,1420,1670,1670,1670,1747,55.00,38.00,-1,55,35.40,690,3.51
59,0,0,16.99,51.10,39.09,48.70,41.67,40.54,49.12,46.09,54.92,86.61,1420,1420,1420,1420,1670,1670,1670,1747,55.00,42.00,-1,55,35.40,690,3.51
59,0,0,16.99,49.09,39.53,45.56,40.23,40.22,52.13,50.57,48.35,79.31,1420,1420,1420,1420,1670,1670,1670,1747,55.40,51.00,-1,55,35.40,750,3.51
60,0,0,16.91,49.02,40.54,44.14,46.02,41.82,50.00,44.44,50.42,73.91,1420,1420,1420,1420,1670,1670,1670,1747,55.00,47.00,-1,55,35.40,750,3.51
60,0,0,16.91,48.83,36.14,43.02,40.48,35.37,62.22,58.89,50.00,62.35,1420,1420,1420,1420,1670,1670,1670,1747,55.40,46.00,-1,55,35.40,750,3.51
56,0,0,33.63,49.35,37.27,46.96,40.00,41.59,58.26,45.69,49.17,72.17,1420,1420,1420,1420,1670,1670,1670,1747,55.00,44.00,-1,55,35.40,753,3.51
56,0,0,33.63,48.32,36.90,41.18,43.02,41.18,73.86,64.77,59.77,28.74,1420,1420,1420,1420,1670,1670,1670,1747,55.00,46.00,-1,55,35.40,753,3.51
58,0,0,33.60,52.13,42.61,48.28,47.32,46.09,56.78,47.79,49.57,76.79,1420,1420,1420,1420,1670,1670,1670,1747,56.20,48.00,-1,55,35.40,753,3.51
58,0,0,33.60,46.84,36.90,36.90,38.82,40.23,69.77,57.61,43.82,47.73,1420,1420,1420,1420,1670,1670,1670,1747,55.40,52.00,-1,55,35.40,748,3.51
58,0,0,33.60,50.11,38.68,43.86,45.61,40.37,57.39,45.54,46.43,81.74,1420,1420,1420,1420,1670,1670,1670,1747,55.80,51.00,-1,55,35.40,748,3.51
58,0,0,33.60,48.50,37.65,44.32,45.45,41.11,70.93,55.06,54.12,40.23,1420,1420,1420,1420,1670,1670,1670,1747,55.80,53.00,-1,55,35.40,748,3.51
59,0,0,16.90,48.61,42.98,42.86,44.92,37.96,45.95,43.64,49.57,81.58,1420,1420,1420,1420,1670,1670,1670,1747,56.20,54.00,-1,55,35.40,738,3.51
59,0,0,16.90,46.64,35.29,41.86,43.18,38.82,42.05,40.45,49.44,81.40,1420,1420,1420,1420,1670,1670,1670,1747,55.40,54.00,-1,55,35.40,738,3.51
59,0,0,16.89,47.36,38.18,43.97,41.23,41.23,42.74,44.54,42.98,83.19,1420,1420,1420,1420,1670,1670,1670,1747,55.00,53.00,-1,55,35.40,738,3.51
59,0,0,16.89,45.54,33.75,41.46,37.97,38.27,47.56,40.24,40.91,81.18,1420,1420,1420,1420,1670,1670,1670,1747,55.00,49.00,-1,55,35.40,731,3.51
55,1,0,50.38,50.77,38.32,43.86,46.09,40.18,64.41,55.17,53.04,61.54,1420,1420,1420,1420,1670,1670,1670,1747,56.20,46.00,-1,55,35.40,731,3.51
55,1,0,50.38,47.71,37.65,37.50,43.02,39.53,56.47,53.49,50.00,66.28,1420,1420,1420,1420,1766,1766,1766,844,55.80,49.00,-1,55,35.40,731,3.51
58,0,0,33.61,48.79,38.94,42.61,38.18,44.83,54.46,55.26,55.45,59.29,1420,1420,1420,1420,1670,1670,1670,1747,55.80,53.00,-1,55,35.40,798,3.51
58,0,0,33.61,50.57,29.76,43.82,37.21,42.05,82.02,65.56,57.14,48.31,1420,1420,1420,1420,1670,1670,1670,1747,56.60,53.00,-1,55,35.40,798,3.51
56,0,0,33.60,49.33,34.55,41.96,40.54,39.64,66.37,58.77,51.33,60.53,1420,1420,1420,1420,1670,1670,1670,1747,56.60,49.00,-1,55,35.40,798,3.51
56,0,0,33.60,50.79,37.35,43.68,43.68,42.86,61.18,52.75,58.24,63.95,1804,1804,1804,1804,1766,1766,1766,2073,57.00,44.00,-1,55,35.40,746,3.51
58,0,0,33.66,51.01,40.00,46.43,41.67,40.91,56.36,57.52,57.52,69.91,1420,1420,1420,1420,1670,1670,1670,1747,56.20,44.00,-1,55,35.40,746,3.51
58,0,0,33.66,51.20,40.00,42.35,43.53,44.32,61.22,48.28,49.44,74.73,1420,1420,1420,1420,1766,1766,1766,844,56.20,52.00,-1,55,35.40,746,3.485
55,0,0,33.64,61.36,46.30,52.10,45.95,49.11,78.95,76.79,75.63,65.22,1420,1420,1420,1420,1670,1670,1670,1747,56.60,41.00,-1,55,35.40,996,3.485
55,0,0,33.64,47.70,35.29,41.38,38.10,35.37,52.27,47.19,56.67,70.45,1420,1420,1420,1420,1766,1766,1766,844,56.60,48.00,-1,55,35.40,996,3.485
58,0,0,33.56,48.46,37.39,40.87,41.96,39.82,48.67,52.14,51.28,76.99,1420,1420,1420,1420,1670,1670,1670,1747,57.00,45.00,-1,55,35.40,996,3.485
58,0,0,33.56,50.07,40.74,44.05,43.37,43.53,54.12,54.02,47.13,72.73,1420,1420,1420,1420,1670,1670,1670,1747,56.60,44.00,-1,55,35.40,969,3.485
60,0,0,16.92,47.49,37.61,41.28,44.14,39.29,42.24,43.86,44.74,85.71,1420,1420,1420,1420,1670,1670,1670,1747,55.80,39.00,-1,55,35.40,969,3.485
60,0,0,16.92,42.78,29.41,36.90,32.50,40.66,44.44,38.46,37.50,80.68,1420,1420,1420,1420,1670,1670,1670,1747,55.40,39.00,-1,55,35.40,969,3.485
60,0,0,16.86,50.98,41.28,47.75,44.64,47.75,48.36,45.30,48.28,83.04,1420,1420,1420,1420,1670,1670,1670,1747,56.60,38.00,-1,55,35.40,706,3.485
60,0,0,16.86,48.05,42.35,39.02,44.05,40.48,62.64,47.19,49.46,60.47,1420,1420,1420,1420,1766,1766,1766,844,55.80,36.00,-1,55,35.40,706,3.485
60,0,0,16.87,46.88,34.29,47.01,42.59,42.98,59.46,47.27,47.79,53.10,1420,1420,1420,1420,1670,1670,1670,1747,55.00,42.00,-1,55,35.40,706,3.485
60,0,0,16.87,45.99,37.35,41.46,37.50,42.70,42.35,40.23,38.82,86.05,1420,1420,1420,1420,1670,1670,1670,1747,55.80,40.00,-1,55,35.40,712,3.485
60,0,0,16.88,50.34,45.54,48.65,45.87,39.42,49.57,46.61,48.70,77.68,1420,1420,1420,1420,1670,1670,1670,1747,56.20,37.00,-1,54,35.40,712,3.452
60,0,0,16.88,45.64,31.71,41.67,44.83,43.02,45.88,44.32,36.78,75.00,1420,1420,1420,1420,1670,1670,1670,1747,55.00,39.00,-1,54,35.40,712,3.452
59,0,0,16.88,43.99,37.38,38.32,44.35,37.61,41.82,33.64,37.96,83.19,1420,1420,1420,1420,1670,1670,1670,1747,56.20,41.00,-1,54,35.40,706,3.452
59,0,0,16.88,49.35,36.90,42.86,46.59,47.62,60.00,46.51,47.67,61.11,1420,1420,1420,1420,1766,1766,1766,1747,56.20,41.00,-1,54,35.40,706,3.452
56,0,0,33.62,50.51,40.00,43.12,41.51,47.79,54.39,48.31,51.82,76.58,1420,1420,1420,1420,1766,1766,1766,1747,56.60,44.00,-1,54,35.40,706,3.452
56,0,0,33.62,48.85,41.38,41.38,44.71,41.86,52.87,55.17,50.00,63.64,1420,1420,1420,1420,1766,1766,1766,844,56.60,43.00,-1,54,35.40,909,3.452
57,0,0,33.61,49.77,40.74,42.06,41.28,44.14,55.75,51.38,52.59,67.86,1420,1420,1420,1420,1670,1670,1670,1747,57.00,45.00,-1,54,35.40,909,3.452
57,0,0,33.61,45.32,30.95,41.38,38.55,35.71,57.65,47.19,55.42,56.18,1420,1420,1420,1420,1766,1766,1766,1516,55.00,41.00,-1,54,35.40,909,3.452
59,0,0,33.65,42.49,27.27,36.94,33.64,35.96,51.67,32.73,46.90,72.32,1804,1804,1804,1804,1766,1766,1766,2073,55.00,36.00,-1,54,35.40,736,3.452
59,0,0,33.65,40.27,28.05,31.71,33.33,28.40,48.86,51.19,36.47,64.29,1420,1420,1420,1420,1670,1670,1670,1747,55.80,37.00,-1,54,35.40,736,3.452
57,0,0,33.58,41.57,29.63,32.08,34.29,36.04,60.91,46.36,50.93,42.86,1804,1804,1804,1804,1766,1766,1766,2073,55.80,39.00,-1,54,35.40,736,3.452
57,0,0,33.58,39.06,24.14,32.58,30.68,30.23,45.45,27.91,40.22,80.00,1420,1420,1420,1420,1670,1670,1670,960,55.00,36.00,-1,54,35.40,700,3.452
53,0,0,33.68,37.17,23.81,29.25,29.13,30.36,47.37,33.94,26.92,71.82,1420,1420,1420,1420,1670,1670,1670,1747,55.40,34.00,-1,54,35.40,700,3.452
53,0,0,33.68,40.20,25.30,28.75,34.48,29.07,36.14,37.65,44.94,82.76,1420,1420,1420,1420,1670,1670,1670,1747,55.40,37.00,-1,54,35.40,700,3.452
59,0,0,33.57,45.40,34.23,42.02,44.35,43.80,47.01,38.39,37.84,77.19,1420,1420,1420,1420,1670,1670,1670,1747,55.40,41.00,-1,54,35.40,678,3.452
59,0,0,33.57,46.33,40.96,40.00,47.67,44.83,40.51,36.14,35.00,82.14,1420,1420,1420,1420,1670,1670,1670,1747,54.30,41.00,-1,54,35.40,678,3.452
58,0,0,33.72,43.47,32.08,40.35,46.30,41.23,40.35,35.14,36.70,75.93,1420,1420,1420,1420,1670,1670,1670,1747,54.30,38.00,-1,54,35.40,678,3.452
58,0,0,33.72,44.13,31.25,32.93,44.44,39.08,39.08,40.23,43.53,81.11,1420,1420,1420,1420,1670,1670,1670,1747,55.00,36.00,-1,54,35.40,667,3.452
60,0,0,16.94,45.30,40.91,42.98,46.15,34.91,41.23,37.93,42.61,76.32,1420,1420,1420,1420,1670,1670,1670,1747,55.00,40.00,-1,54,35.40,667,3.452
60,0,0,16.94,44.33,35.80,35.71,44.19,40.91,45.88,36.59,42.86,71.95,1420,1420,1420,1420,1670,1670,1670,1747,54.30,40.00,-1,54,35.40,667,3.452
59,0,0,16.91,45.74,37.38,38.74,42.34,39.64,43.75,41.74,38.94,83.04,1420,1420,1420,1420,1670,1670,1670,1747,55.00,43.00,-1,54,35.40,717,3.452
59,0,0,16.91,49.10,38.27,40.51,47.73,40.00,51.19,50.57,41.77,79.52,1420,1420,1420,1420,1670,1670,1670,1747,55.40,48.00,-1,54,35.40,717,3.452
60,0,0,16.89,48.52,40.19,46.28,48.70,39.81,39.62,42.59,44.86,87.04,1420,1420,1420,1420,1670,1670,1670,1747,55.80,52.00,-1,54,35.50,717,3.477
60,0,0,16.89,46.37,34.57,38.37,47.31,38.10,43.53,45.00,41.25,81.93,1420,1420,1420,1420,1670,1670,1670,1747,55.40,52.00,-1,54,35.50,733,3.477
59,0,0,16.88,49.67,39.81,45.22,46.43,45.54,42.11,45.54,43.75,89.38,1420,1420,1420,1420,1670,1670,1670,1747,56.20,52.00,-1,54,35.50,733,3.477
59,0,0,16.88,48.81,39.02,38.82,43.37,40.48,51.22,49.41,47.62,77.91,1420,1420,1420,1420,1670,1670,1670,1747,55.80,53.00,-1,54,35.50,733,3.477
60,0,0,16.85,48.94,40.54,40.54,43.93,43.24,55.75,49.57,40.71,77.88,1420,1420,1420,1420,1670,1670,1670,1747,55.80,52.00,-1,54,35.50,731,3.477
60,0,0,16.85,46.06,30.86,38.64,48.35,39.53,44.19,44.19,42.53,80.00,1420,1420,1420,1420,1670,1670,1670,1747,55.00,54.00,-1,54,35.50,731,3.477
60,0,0,16.94,47.60,33.66,42.48,46.90,38.68,42.20,47.75,47.71,78.57,1420,1420,1420,1420,1670,1670,1670,1747,55.40,54.00,-1,54,35.50,731,3.477
60,0,0,16.94,46.15,37.04,38.27,43.37,40.70,38.37,40.70,45.88,83.91,1420,1420,1420,1420,1670,1670,1670,1747,55.00,54.00,-1,54,35.50,732,3.477
60,0,0,16.88,45.90,33.33,39.47,42.34,42.34,52.17,45.87,40.35,70.80,1420,1420,1420,1420,1670,1670,1670,1747,55.00,53.00,-1,54,35.50,732,3.477
60,0,0,16.88,46.09,32.50,40.70,43.53,39.02,47.67,38.55,45.35,78.82,1420,1420,1420,1420,1670,1670,1670,1747,55.80,52.00,-1,54,35.50,732,3.477
60,0,0,16.96,50.40,41.12,43.24,49.56,47.75,46.90,47.75,42.59,83.93,1420,1420,1420,1420,1670,1670,1670,1747,55.80,53.00,-1,54,35.50,720,3.477
60,0,0,16.96,46.37,30.00,37.65,43.68,39.08,44.32,44.19,46.51,82.76,1420,1420,1420,1420,1670,1670,1670,1747,55.40,54.00,-1,54,35.50,720,3.477
59,0,0,16.97,48.90,40.18,42.86,41.44,46.15,49.11,43.36,43.86,85.22,1804,1804,1804,1804,1766,1766,1766,2073,56.60,53.00,-1,54,35.50,720,3.477
59,0,0,16.97,45.04,35.37,37.80,40.48,36.71,43.04,42.17,45.00,78.57,1420,1420,1420,1420,1670,1670,1670,1747,55.40,53.00,-1,54,35.50,743,3.477
57,0,0,33.62,49.04,37.04,41.07,43.75,40.95,50.00,49.55,45.45,84.07,1420,1420,1420,1420,1670,1670,1670,1747,55.80,53.00,-1,54,35.50,743,3.477
57,0,0,33.62,48.70,37.80,39.02,46.15,41.86,47.13,47.19,51.72,77.65,1420,1420,1420,1420,1670,1670,1670,1747,56.20,55.00,-1,54,35.50,743,3.477
59,0,0,33.61,50.89,40.54,41.59,45.61,46.96,46.79,52.68,51.35,80.70,1420,1420,1420,1420,1670,1670,1670,1747,55.80,51.00,-1,54,35.50,733,3.477
59,0,0,33.61,47.79,32.93,42.05,40.00,40.51,46.43,49.44,50.57,80.00,1420,1420,1420,1420,1670,1670,1670,1747,54.60,53.00,-1,54,35.50,733,3.477
60,0,0,16.88,47.34,33.64,37.96,39.09,45.87,56.52,46.36,46.02,71.17,1420,1420,1420,1420,1670,1670,1670,1747,56.60,53.00,-1,54,35.50,733,3.477
60,0,0,16.88,48.67,34.57,42.35,44.94,45.88,42.35,46.99,48.86,82.14,1420,1420,1420,1420,1670,1670,1670,1747,57.00,54.00,-1,54,35.50,731,3.477
57,0,0,33.67,50.45,39.81,41.96,42.06,43.24,56.88,53.15,54.95,71.05,1420,1420,1420,1420,1670,1670,1670,1747,56.20,51.00,-1,54,35.50,731,3.477
57,0,0,33.67,49.78,40.24,37.65,42.70,45.98,64.37,58.02,47.62,60.71,1420,1420,1420,1420,1670,1670,1670,1747,55.80,52.00,-1,54,35.50,731,3.477
59,0,0,33.59,48.72,33.65,41.82,41.59,47.86,47.83,44.25,43.48,87.83,1420,1420,1420,1420,1670,1670,1670,1747,56.60,53.00,-1,54,35.50,744,3.481
59,0,0,33.59,46.52,38.27,37.80,39.29,42.17,40.00,41.98,47.73,86.42,1420,1420,1420,1420,1670,1670,1670,1747,56.20,53.00,-1,54,35.50,744,3.481
60,0,0,16.95,47.18,35.85,36.19,40.00,42.73,46.09,47.37,41.96,85.09,1420,1420,1420,1420,1670,1670,1670,1747,55.80,52.00,-1,54,35.50,744,3.481
60,0,0,16.95,41.85,26.83,37.93,30.77,39.08,38.10,33.73,40.24,84.88,1420,1420,1420,1420,1670,1670,1670,1747,55.80,55.00,-1,54,35.50,737,3.481
60,0,0,16.90,47.32,35.58,41.96,38.94,44.55,46.49,44.25,42.98,82.61,1420,1420,1420,1420,1670,1670,1670,1747,55.80,56.00,-1,54,35.50,737,3.481
60,0,0,16.90,45.79,35.80,41.67,39.02,43.53,38.37,38.82,45.98,84.52,1420,1420,1420,1420,1670,1670,1670,1747,55.00,50.00,-1,54,35.50,737,3.481
60,0,0,17.03,45.31,33.02,33.98,36.27,44.55,45.61,41.96,42.48,81.42,1420,1420,1420,1420,1670,1670,1670,1747,55.80,47.00,-1,54,35.50,713,3.481
60,0,0,17.03,47.63,32.10,34.52,38.55,40.70,58.62,47.62,46.99,78.16,1420,1420,1420,1420,1670,1670,1670,1747,55.80,45.00,-1,54,35.50,713,3.481
57,0,0,33.65,44.58,38.74,37.38,35.51,46.49,50.45,37.27,35.71,75.00,1420,1420,1420,1420,1670,1670,1670,1747,56.20,47.00,-1,54,35.50,713,3.481
57,0,0,33.65,43.46,34.57,36.59,38.82,41.18,41.67,36.47,34.52,83.33,1420,1420,1420,1420,1766,1766,1766,844,55.00,40.00,-1,54,35.50,717,3.481
59,0,0,16.97,45.01,34.29,37.96,38.32,44.14,47.41,41.23,35.51,79.65,1420,1420,1420,1420,1670,1670,1670,1747,55.00,39.00,-1,54,35.50,717,3.481
59,0,0,16.97,43.99,34.52,37.50,36.59,42.86,37.80,36.47,40.48,82.76,1420,1420,1420,1420,1670,1670,1670,1747,55.00,38.00,-1,54,35.50,717,3.481
60,0,0,17.18,50.00,42.86,51.38,47.32,50.91,41.44,40.52,45.05,83.18,1420,1420,1420,1420,1670,1670,1670,1747,55.80,38.00,-1,53,35.50,721,3.487
60,0,0,17.18,43.95,35.37,40.48,39.29,42.86,41.76,30.95,35.80,81.82,1420,1420,1420,1420,1670,1670,1670,1747,53.90,38.00,-1,53,35.50,721,3.487
59,0,0,33.62,45.20,34.91,35.85,41.07,42.06,44.64,45.13,41.96,72.81,1420,1420,1420,1420,1670,1670,1670,1516,55.00,38.00,-1,53,35.50,721,3.487
59,0,0,33.62,43.16,35.44,39.02,34.62,43.68,44.05,36.14,50.00,63.53,1420,1420,1420,1420,1670,1670,1670,1747,54.60,38.00,-1,53,35.50,719,3.487
59,0,0,17.13,44.87,32.38,44.44,42.98,43.12,36.94,35.45,35.71,85.09,1420,1420,1420,1420,1670,1670,1670,1747,55.00,40.00,-1,53,35.50,719,3.487
59,0,0,17.13,43.81,36.59,40.96,36.14,37.50,41.86,35.71,38.27,83.33,1420,1420,1420,1420,1670,1670,1670,1747,55.00,41.00,-1,53,35.50,719,3.487
59,0,0,16.90,44.70,33.64,39.47,39.29,40.19,40.71,38.46,37.27,85.96,1420,1420,1420,1420,1670,1670,1670,1747,55.00,41.00,-1,53,35.50,712,3.487
59,0,0,16.90,43.26,35.29,38.37,37.93,39.29,33.75,37.93,40.48,85.71,1420,1420,1420,1420,1670,1670,1670,1747,54.30,41.00,-1,53,35.50,712,3.487
59,0,0,16.88,48.48,37.04,43.75,38.53,43.12,43.75,45.05,45.13,89.57,1420,1420,1420,1420,1670,1670,1670,1747,55.80,47.00,-1,53,35.50,712,3.487
59,0,0,16.88,45.07,27.27,41.11,32.53,36.14,40.48,44.58,42.86,91.76,1420,1420,1420,1420,1670,1670,1670,1747,55.80,50.00,-1,53,35.50,833,3.487
60,0,0,16.90,48.63,36.79,42.86,37.38,45.05,44.04,42.06,46.90,93.75,1420,1420,1420,1420,1766,1766,1766,2073,55.80,47.00,-1,53,35.50,833,3.487
60,0,0,16.90,48.63,33.77,47.25,42.22,43.68,45.98,46.15,50.57,78.57,1420,1420,1420,1420,1670,1670,1670,1747,55.40,49.00,-1,53,35.50,833,3.487
58,0,0,33.57,48.24,34.31,41.28,40.74,43.24,52.21,47.66,49.09,76.11,1420,1420,1420,1420,1766,1766,1766,1747,57.40,51.00,-1,53,35.50,764,3.487
58,0,0,33.57,48.90,36.05,44.19,42.05,43.53,52.94,48.81,50.59,74.71,1420,1420,1420,1420,1670,1670,1670,1747,55.80,50.00,-1,53,35.50,764,3.487
60,0,0,16.94,49.27,35.24,41.67,45.76,39.81,45.95,49.57,49.12,85.09,1420,1420,1420,1420,1670,1670,1670,1747,56.20,52.00,-1,53,35.50,764,3.487
60,0,0,16.94,47.71,33.33,39.76,36.90,38.55,50.00,44.58,48.28,84.09,1420,1420,1420,1420,1670,1670,1670,1747,56.20,54.00,-1,53,35.50,742,3.487
58,0,0,33.60,49.44,37.96,46.15,41.96,39.81,55.36,50.00,54.87,69.30,1420,1420,1420,1420,1670,1670,1670,1747,56.20,51.00,-1,53,35.50,742,3.487
58,0,0,33.60,48.22,37.80,45.45,40.00,42.53,51.22,50.00,47.62,72.62,1420,1420,1420,1420,1670,1670,1670,844,55.00,52.00,-1,53,35.50,742,3.487
59,0,0,33.59,48.21,34.31,47.93,39.45,41.07,45.05,42.73,49.57,83.48,1420,1420,1420,1420,1670,1670,1670,1747,57.00,49.00,-1,53,35.50,804,3.487
59,0,0,33.59,46.96,31.58,36.59,40.24,40.24,53.66,43.53,42.35,84.52,1420,1420,1420,1420,1670,1670,1670,1747,56.20,49.00,-1,53,35.50,804,3.487
59,0,0,33.57,48.23,34.29,40.00,39.47,39.25,53.57,51.38,44.76,81.08,1420,1420,1420,1420,1766,1766,1766,844,56.60,58.00,-1,53,35.50,804,3.487
59,0,0,33.57,47.61,36.90,44.44,38.82,42.05,59.09,51.16,50.57,59.30,1420,1420,1420,1420,1670,1670,1670,1747,55.40,58.00,-1,53,35.50,781,3.487
59,0,0,33.60,52.18,39.05,42.45,43.24,50.00,59.65,52.68,55.93,71.82,1420,1420,1420,1420,1670,1670,1670,1305,57.40,53.00,-1,53,35.50,781,3.427
59,0,0,33.60,45.33,30.26,35.44,38.10,39.76,72.94,50.63,51.16,43.53,1420,1420,1420,1420,1670,1670,1670,1747,56.20,53.00,-1,53,35.50,781,3.427
60,0,0,16.95,49.61,38.32,45.13,46.90,42.59,45.61,48.21,40.91,86.84,1420,1420,1420,1420,1670,1670,1670,1747,56.60,50.00,-1,53,35.50,743,3.427
60,0,0,16.95,46.94,35.71,41.18,39.76,38.27,56.47,48.84,40.00,75.90,1420,1420,1420,1420,1670,1670,1670,1747,56.20,50.00,-1,53,35.50,743,3.427
60,0,0,16.99,54.06,42.20,50.00,50.86,50.85,49.56,50.00,52.29,85.22,1420,1420,1420,1420,1670,1670,1670,1747,57.00,53.00,-1,53,35.50,743,3.427
60,0,0,16.99,48.96,36.59,37.18,44.19,50.55,41.86,46.43,45.12,86.90,1420,1420,1420,1420,1670,1670,1670,1747,55.80,53.00,-1,53,35.50,767,3.427
60,0,0,16.96,49.45,33.98,44.74,45.76,42.20,45.61,46.15,51.30,85.71,1420,1420,1420,1420,1670,1670,1670,1747,56.20,52.00,-1,53,35.50,767,3.427
60,0,0,16.96,48.35,37.97,44.19,41.18,43.21,41.67,40.51,49.43,87.36,1420,1420,1420,1420,1670,1670,1670,1747,56.20,52.00,-1,53,35.50,767,3.427
59,0,0,16.97,52.58,40.37,45.13,45.30,43.75,55.45,51.26,52.21,86.96,1804,1804,1804,1804,1766,1766,1766,2073,57.70,51.00,-1,53,35.50,751,3.427
59,0,0,16.97,91.27,91.36,91.46,87.06,89.16,91.57,92.77,95.24,91.86,1420,1420,1420,1420,1766,1766,1766,1747,61.60,51.00,-1,53,35.50,751,3.427
55,0,0,33.65,83.44,94.83,93.97,93.22,92.98,78.99,70.54,68.42,72.65,1420,1420,1420,1420,1766,1766,1766,1747,59.70,46.00,-1,53,35.50,751,3.427
55,0,0,33.65,87.77,87.50,89.02,90.24,91.57,85.00,82.50,90.12,87.50,1804,1804,1804,1804,1766,1766,1766,2073,61.20,46.00,-1,52,35.50,847,3.354
55,0,0,33.74,54.68,45.19,55.45,52.34,45.19,57.27,57.27,50.47,71.82,1420,1420,1420,1420,1766,1766,1766,1747,57.70,41.00,-1,52,35.50,847,3.354
55,0,0,33.74,46.18,31.33,37.21,39.33,36.78,53.49,53.41,48.28,67.78,1420,1420,1420,1420,1766,1766,1766,1747,57.00,43.00,-1,52,35.50,847,3.354
58,0,0,33.62,50.67,39.42,46.85,47.83,53.91,54.39,48.15,45.45,69.57,1420,1420,1420,1420,1670,1670,1670,1747,57.40,44.00,-1,52,35.50,837,3.354
58,0,0,33.62,47.39,36.71,38.96,36.25,39.24,53.66,54.76,48.15,68.24,1420,1420,1420,1420,1670,1670,1670,1747,57.70,47.00,-1,52,35.50,837,3.354
58,0,0,33.53,50.44,41.96,44.35,41.23,44.07,57.39,49.57,52.17,71.55,1420,1420,1420,1420,1670,1670,1670,1747,57.40,44.00,-1,52,35.50,837,3.354
58,0,0,33.53,46.75,38.55,41.98,41.67,40.74,45.00,40.48,39.76,86.90,1420,1420,1420,1420,1670,1670,1670,1747,56.20,48.00,-1,52,35.50,769,3.354
59,0,0,33.60,49.51,41.28,45.22,41.96,46.96,57.89,50.88,54.05,55.65,1420,1420,1420,1420,1670,1670,1670,1747,57.00,45.00,-1,52,35.50,769,3.354
59,0,0,33.60,46.45,40.45,44.19,40.91,43.82,55.95,51.22,44.44,55.42,1420,1420,1420,1420,1766,1766,1766,1747,56.60,49.00,-1,52,35.50,769,3.354
56,0,0,33.68,49.13,44.83,46.55,42.24,46.43,45.05,41.03,43.48,80.34,1420,1420,1420,1420,1670,1670,1670,1747,56.60,42.00,-1,52,35.50,720,3.354
56,0,0,33.68,48.29,42.35,48.19,47.13,46.51,40.48,45.35,42.86,79.27,1420,1420,1420,1420,1766,1766,1766,1747,57.00,41.00,-1,52,35.50,720,3.354
56,0,0,33.62,42.74,32.73,36.36,39.29,36.94,46.36,40.00,41.12,64.60,1420,1420,1420,1420,1670,1670,1670,1747,55.80,40.00,-1,52,35.50,720,3.354
56,0,0,33.62,41.05,35.87,33.33,30.00,33.72,44.71,42.53,44.44,66.28,1420,1420,1420,1420,1670,1670,1670,1747,55.80,40.00,-1,52,35.50,692,3.354
57,0,0,33.61,51.05,47.86,45.95,49.07,41.28,49.11,46.90,44.25,81.58,1420,1420,1420,1420,1670,1670,1670,1747,56.60,38.00,-1,52,35.50,692,3.354
57,0,0,33.61,48.63,36.36,39.76,43.82,42.70,46.51,45.56,43.37,90.80,1420,1420,1420,1420,1670,1670,1670,1747,56.20,49.00,-1,52,35.50,692,3.354
59,0,0,16.93,51.16,41.59,51.30,45.13,46.43,41.38,43.36,50.00,89.47,1420,1420,1420,1420,1670,1670,1670,1747,56.60,50.00,-1,52,35.50,741,3.354
59,0,0,16.93,56.40,46.07,48.31,47.73,42.86,60.24,60.00,62.50,87.06,1420,1420,1420,1420,1766,1766,1766,1747,58.90,52.00,-1,52,35.50,741,3.354
58,0,0,33.59,50.11,38.46,42.61,42.48,42.74,56.52,50.00,49.56,78.07,1420,1420,1420,1420,1670,1670,1670,1747,57.00,46.00,-1,52,35.50,741,3.354
58,0,0,33.59,46.21,36.47,34.62,39.51,40.91,59.76,52.38,53.09,55.42,1420,1420,1420,1420,1670,1670,1670,844,55.40,51.00,-1,52,35.50,749,3.354
60,0,0,16.98,50.50,37.61,44.35,43.48,41.38,53.98,55.65,50.45,76.36,1420,1420,1420,1420,1670,1670,1670,1747,57.00,54.00,-1,52,35.50,749,3.354
60,0,0,16.98,49.78,39.77,37.50,41.67,37.50,52.38,51.16,50.59,84.88,1420,1420,1420,1420,1766,1766,1766,1747,57.00,54.00,-1,52,35.50,749,3.354
59,0,0,16.92,52.52,41.18,41.28,46.55,42.73,64.04,65.52,62.61,57.02,1420,1420,1420,1420,1766,1766,1766,1747,58.90,55.00,-1,52,35.50,769,3.354
59,0,0,16.92,61.40,57.47,55.95,55.81,59.77,69.88,71.95,63.10,58.62,1420,1420,1420,1420,1670,1670,1670,1747,57.70,55.00,-1,52,35.50,769,3.435
59,0,0,33.59,57.13,47.86,48.70,45.87,66.07,70.54,60.55,61.40,56.25,1420,1420,1420,1420,1766,1766,1766,844,57.40,53.00,-1,52,35.50,769,3.435
59,0,0,33.59,50.14,40.00,39.08,46.67,41.38,56.18,49.44,49.40,78.57,1420,1420,1420,1420,1670,1670,1670,1747,57.00,55.00,-1,52,35.50,759,3.435
59,0,0,16.91,50.66,42.37,45.30,46.09,42.37,48.70,45.05,48.28,90.18,1420,1420,1420,1420,1670,1670,1670,1747,57.00,55.00,-1,52,35.50,759,3.435
59,0,0,16.91,52.73,37.80,46.07,47.19,42.35,54.55,50.00,52.81,90.48,1420,1420,1420,1420,1670,1670,1670,1747,57.00,55.00,-1,52,35.50,759,3.435
58,0,0,33.79,52.63,42.34,45.95,53.04,46.90,50.91,46.90,47.66,86.84,1420,1420,1420,1420,1766,1766,1766,1747,57.00,51.00,-1,52,35.50,760,3.435
58,0,0,33.79,50.99,38.37,44.32,46.15,40.45,58.89,59.34,52.33,67.05,1420,1420,1420,1420,1670,1670,1670,1747,57.00,55.00,-1,52,35.50,760,3.435
59,0,0,16.94,49.19,35.78,43.10,46.83,39.66,48.25,46.85,48.28,85.84,1420,1420,1420,1420,1670,1670,1670,1747,57.40,55.00,-1,52,35.50,760,3.435
59,0,0,16.94,49.64,40.23,45.05,44.44,38.64,56.32,51.72,53.57,65.88,1420,1420,1420,1420,1766,1766,1766,844,56.60,54.00,-1,52,35.50,760,3.435
60,0,0,16.89,51.29,38.05,43.90,49.59,43.48,65.49,57.39,51.72,61.74,1420,1420,1420,1420,1670,1670,1670,1747,57.00,56.00,-1,52,35.50,760,3.435
60,0,0,16.89,50.72,39.29,43.68,50.00,40.48,56.98,51.19,46.51,76.40,1420,1420,1420,1420,1670,1670,1670,1747,57.00,56.00,-1,52,35.50,760,3.435
56,0,0,33.67,50.72,42.34,44.83,46.22,38.32,61.21,53.98,50.88,66.97,1420,1420,1420,1420,1766,1766,1766,1516,57.40,54.00,-1,52,35.50,745,3.435
56,0,0,33.67,48.22,30.49,39.77,45.05,38.89,47.73,44.19,50.56,89.77,1420,1420,1420,1420,1670,1670,1670,1747,57.00,49.00,-1,52,35.50,745,3.435
58,0,0,33.56,49.73,39.13,44.54,47.90,40.71,45.05,46.90,46.02,88.39,1420,1420,1420,1420,1670,1670,1670,1747,57.70,52.00,-1,52,35.50,745,3.435
58,0,0,33.56,49.64,40.91,42.05,45.65,42.86,53.01,47.50,48.84,78.16,1420,1420,1420,1420,1766,1766,1766,1747,56.60,48.00,-1,52,35.50,750,3.435
59,0,0,17.04,50.22,32.04,47.90,46.22,41.23,65.45,67.89,52.29,48.67,1420,1420,1420,1420,1670,1670,1670,1747,57.70,52.00,-1,52,35.50,750,3.435
59,0,0,17.04,50.22,41.57,40.91,41.38,40.23,50.00,55.81,50.00,79.55,1420,1420,1420,1420,1766,1766,1766,2073,57.70,52.00,-1,52,35.50,750,3.435
60,0,0,16.89,48.85,35.14,40.00,42.74,40.52,47.46,47.32,44.64,92.17,1420,1420,1420,1420,1670,1670,1670,1747,57.00,49.00,-1,52,35.50,797,3.435
60,0,0,16.89,49.50,30.23,37.08,40.00,34.88,61.80,57.30,59.77,75.86,1420,1420,1420,1420,1670,1670,1670,1747,57.00,51.00,-1,52,35.50,797,3.435
59,0,0,33.63,45.08,22.02,36.52,36.44,31.86,54.31,46.90,52.14,78.26,1420,1420,1420,1420,1766,1766,1766,1747,56.60,52.00,-1,52,35.50,797,3.435
59,0,0,33.63,48.79,33.72,37.78,38.89,35.56,70.11,61.36,65.91,50.57,1420,1420,1420,1420,1670,1670,1670,1747,57.00,53.00,-1,52,35.50,760,3.435
56,0,0,50.44,43.29,25.66,29.73,37.29,29.20,55.75,53.04,52.54,62.61,1420,1420,1420,1420,1766,1766,1766,844,56.20,60.00,-1,52,35.50,760,3.435
56,0,0,50.44,48.78,33.33,42.86,43.18,40.00,53.57,60.92,58.14,57.65,1420,1420,1420,1420,1766,1766,1766,844,57.00,69.00,-1,52,35.50,760,3.401
54,0,0,33.62,51.46,47.75,40.17,41.88,43.97,62.50,55.75,56.90,61.40,1420,1420,1420,1420,1670,1670,1670,1747,57.00,74.00,-1,52,35.50,827,3.401
54,0,0,33.62,45.18,25.30,32.14,36.26,27.59,54.88,51.16,54.12,78.82,1420,1420,1420,1420,1766,1766,1766,2073,58.90,71.00,-1,52,35.50,827,3.401
57,0,0,33.61,47.13,29.81,41.23,38.94,37.84,52.54,44.25,45.45,88.18,1420,1420,1420,1420,1670,1670,1670,1747,57.00,63.00,-1,52,35.50,827,3.401
57,0,0,33.61,43.20,34.83,38.82,39.53,34.12,34.48,36.36,37.50,89.77,1420,1420,1420,1420,1670,1670,1670,1747,56.60,63.00,-1,52,35.50,774,3.401
56,0,0,33.65,49.32,45.38,37.84,50.00,40.68,54.55,51.22,46.22,68.10,1420,1420,1420,1420,1766,1766,1766,844,57.00,60.00,-1,52,35.50,774,3.401
56,0,0,33.65,46.21,36.36,40.74,40.00,38.75,55.00,54.32,52.94,48.75,1516,1516,1516,1516,1766,1766,1766,2073,56.60,58.00,-1,52,35.50,774,3.401
57,0,0,33.58,46.39,39.29,40.87,41.74,42.02,57.89,41.53,49.59,60.50,1420,1420,1420,1420,1670,1670,1670,1747,57.00,64.00,-1,52,35.50,787,3.401
57,0,0,33.58,48.83,39.53,45.98,41.86,37.65,46.51,44.58,45.98,86.75,1420,1420,1420,1420,1670,1670,1670,1747,56.60,58.00,-1,52,35.50,787,3.401
59,0,0,16.98,41.41,33.04,34.55,33.04,26.17,40.71,40.18,43.22,80.91,1804,1804,1804,1804,1766,1766,1766,2073,60.10,60.00,-1,52,35.50,787,3.401
59,0,0,16.98,42.01,26.74,31.40,33.33,28.92,46.74,45.16,43.18,75.56,1420,1420,1420,1420,1670,1670,1670,1747,55.80,55.00,-1,52,35.50,738,3.401
60,0,0,16.98,50.00,47.83,42.73,49.56,48.25,50.00,46.96,51.35,66.37,1420,1420,1420,1420,1670,1670,1670,1747,56.20,49.00,-1,51,35.60,738,3.433
60,0,0,16.98,45.45,33.73,43.18,43.33,38.37,45.65,45.98,49.43,60.92,1420,1420,1420,1420,1670,1670,1670,1747,55.80,49.00,-1,51,35.60,738,3.433
58,0,0,33.59,46.30,40.00,40.37,45.61,39.64,48.74,38.60,48.21,68.14,1420,1420,1420,1420,1670,1670,1670,1305,55.40,51.00,-1,51,35.60,740,3.433
58,0,0,33.59,44.46,34.88,40.91,40.23,38.64,68.97,53.85,43.01,37.50,1420,1420,1420,1420,1670,1670,1670,1747,55.80,48.00,-1,51,35.60,740,3.433
57,0,0,33.58,46.15,38.39,38.68,46.49,39.09,41.18,39.66,43.22,80.36,1804,1804,1804,1804,1766,1766,1766,2073,56.60,45.00,-1,51,35.60,740,3.433
57,0,0,33.58,46.81,37.35,41.86,45.56,41.38,48.89,40.45,54.55,65.17,1420,1420,1420,1420,1670,1670,1670,1747,55.40,44.00,-1,51,35.60,727,3.433
59,0,0,17.40,60.20,56.25,57.14,54.05,56.76,59.09,57.02,56.90,81.90,1420,1420,1420,1420,1766,1766,1766,1747,60.80,48.00,-1,51,35.60,727,3.433
59,0,0,17.40,68.91,74.42,68.13,76.67,71.59,70.33,64.04,67.02,61.96,1420,1420,1420,1420,1766,1766,1766,1516,57.00,50.00,-1,51,35.60,727,3.433
48,2,0,50.48,82.10,89.47,92.11,93.16,92.17,70.69,69.83,68.33,80.00,1420,1420,1420,1420,1766,1766,1766,1747,60.50,51.00,-1,51,35.60,872,3.433
48,2,0,50.48,88.61,95.18,97.59,94.05,98.81,77.78,80.95,76.54,90.59,1420,1420,1420,1420,1766,1766,1766,1747,61.20,49.00,-1,51,35.60,872,3.433
55,0,0,33.71,76.58,76.11,76.67,79.09,82.91,73.04,78.63,71.93,73.91,1420,1420,1420,1420,1670,1670,1670,1747,58.90,56.00,-1,51,35.60,872,3.433
55,0,0,33.71,74.41,72.84,76.74,75.31,81.71,63.64,70.65,64.63,91.57,1420,1420,1420,1420,1670,1670,1670,1747,59.70,62.00,-1,51,35.60,843,3.433
50,1,0,50.39,75.78,91.96,88.50,84.82,80.73,61.26,55.75,61.21,81.42,1420,1420,1420,1420,1670,1670,1670,1747,59.30,47.00,-1,51,35.60,843,3.433
50,1,0,50.39,67.88,84.09,71.59,65.59,81.40,59.34,56.67,53.85,72.41,1420,1420,1420,1420,1670,1670,1670,1747,58.50,44.00,-1,51,35.60,843,3.433
56,0,0,33.58,74.76,89.47,81.74,87.93,85.47,58.87,54.92,57.50,84.87,1420,1420,1420,1420,1670,1670,1670,1747,59.30,44.00,-1,51,35.60,794,3.433
56,0,0,33.58,88.60,92.77,90.36,91.25,96.34,80.72,83.33,82.35,90.48,1420,1420,1420,1420,1766,1766,1766,1747,60.10,41.00,-1,51,35.60,794,3.433
43,1,0,52.22,95.77,99.24,97.74,92.42,95.52,94.81,94.70,97.01,93.98,1420,1420,1420,1420,1766,1766,1766,1747,62.00,37.00,-1,51,35.60,794,3.433
43,1,0,52.22,96.74,98.51,96.88,98.41,100.00,96.97,95.31,92.54,96.92,1420,1420,1420,1420,1766,1766,1766,1747,64.30,39.00,-1,50,35.70,910,3.433
47,1,0,50.09,97.45,99.36,98.73,99.36,100.00,96.84,96.84,96.84,92.99,1804,1804,1804,1804,1766,1766,1766,2073,62.80,39.00,-1,50,35.70,910,3.34
47,1,0,50.09,97.45,99.36,98.73,99.36,100.00,96.84,96.84,96.84,92.99,1420,1420,1420,1420,1670,1670,1670,1747,59.70,34.00,-1,50,35.70,910,3.34
58,0,0,33.57,52.24,46.26,42.86,44.97,50.97,54.25,47.68,54.90,73.08,1420,1420,1420,1420,1766,1766,1766,1747,58.50,42.00,-1,50,35.70,865,3.34
58,0,0,33.57,50.23,49.40,44.44,38.46,43.04,55.70,49.41,48.78,74.07,1420,1420,1420,1420,1670,1670,1670,1747,58.50,44.00,-1,50,35.70,865,3.34
48,1,1,167.89,55.46,55.56,52.29,78.90,54.95,48.18,41.28,41.96,68.70,1420,1420,1420,1420,1670,1670,1670,844,58.10,40.00,-1,50,35.70,865,3.34
48,1,1,167.89,44.44,39.53,35.44,35.80,31.65,45.88,40.23,46.51,80.95,1420,1420,1420,1420,1670,1670,1670,1747,57.70,45.00,-1,50,35.70,791,3.34
60,0,0,16.91,44.82,37.96,36.79,36.19,39.09,42.20,35.14,43.75,84.68,1420,1420,1420,1420,1670,1670,1670,1747,57.70,44.00,-1,50,35.70,791,3.34
60,0,0,16.91,48.06,41.67,44.30,37.04,48.81,48.28,39.51,42.17,80.68,1420,1420,1420,1420,1670,1670,1670,1747,57.70,43.00,-1,50,35.70,791,3.34
56,0,0,33.62,55.32,49.55,52.25,45.05,46.43,57.52,55.26,53.04,82.61,1420,1420,1420,1420,1670,1670,1670,1747,58.50,42.00,-1,50,35.70,759,3.34
56,0,0,33.62,47.15,37.80,42.86,36.59,43.18,75.58,50.60,50.00,36.90,1420,1420,1420,1420,1670,1670,1670,1747,57.40,43.00,-1,50,35.70,759,3.34
58,0,0,33.61,49.32,35.92,42.73,41.96,41.82,56.14,50.00,61.40,63.96,1420,1420,1420,1420,1670,1670,1670,1747,57.00,45.00,-1,50,35.70,759,3.34
58,0,0,33.61,47.62,41.86,42.35,36.25,38.82,47.56,50.00,55.17,67.82,1804,1804,1804,1804,1766,1766,1766,2073,56.60,45.00,-1,50,35.70,745,3.34
57,0,0,33.58,48.58,38.53,45.87,37.96,44.14,51.82,52.29,47.27,71.43,1420,1420,1420,1420,1766,1766,1766,844,56.60,44.00,-1,50,35.70,745,3.34
57,0,0,33.58,45.98,42.22,36.25,40.45,37.35,67.47,51.28,60.92,33.33,1420,1420,1420,1420,1670,1670,1670,1747,57.00,43.00,-1,50,35.70,745,3.34
59,0,0,33.61,44.47,36.70,39.45,33.64,29.63,48.25,42.06,40.54,81.82,1420,1420,1420,1420,1670,1670,1670,1747,57.00,46.00,-1,50,35.70,780,3.34
59,0,0,33.61,47.56,45.24,39.76,36.90,42.35,55.29,58.33,51.16,52.94,1420,1420,1420,1420,1670,1670,1670,844,56.60,49.00,-1,50,35.70,780,3.34
57,0,0,33.61,47.51,41.44,41.12,34.58,34.91,63.55,54.95,52.78,58.18,1420,1420,1420,1420,1766,1766,1766,844,58.50,47.00,-1,49,35.70,780,3.317
57,0,0,33.61,44.27,27.71,37.21,35.23,28.57,59.09,47.62,41.18,74.71,1420,1420,1420,1420,1670,1670,1670,1747,57.40,47.00,-1,49,35.70,966,3.317
55,0,0,33.60,45.61,36.52,35.45,34.86,32.76,57.02,40.37,46.49,80.87,1420,1420,1420,1420,1670,1670,1670,1747,57.40,48.00,-1,49,35.70,966,3.317
55,0,0,33.60,49.48,35.44,40.96,44.05,39.76,57.14,48.81,55.81,70.24,1420,1420,1420,1420,1670,1670,1670,1747,57.70,45.00,-1,49,35.70,966,3.317
57,0,0,33.63,49.83,45.69,43.24,42.20,37.61,67.23,60.53,50.91,50.43,1420,1420,1420,1420,1670,1670,1670,1305,57.00,44.00,-1,49,35.70,778,3.317
57,0,0,33.63,45.71,35.71,37.80,30.38,36.14,51.14,43.18,50.57,79.31,1420,1420,1420,1420,1670,1670,1670,1747,57.40,44.00,-1,49,35.70,778,3.317
55,0,0,33.59,48.98,40.91,40.00,37.38,36.19,64.60,60.18,60.34,49.11,1420,1420,1420,1420,1670,1670,1670,1747,57.00,43.00,-1,49,35.70,778,3.317
55,0,0,33.59,49.85,45.05,36.71,37.35,36.90,49.41,60.23,51.09,79.78,1420,1420,1420,1420,1670,1670,1670,1747,56.60,45.00,-1,49,35.70,817,3.317
58,0,0,33.60,50.00,44.64,39.60,36.54,40.91,64.91,56.76,52.68,61.06,1420,1420,1420,1420,1766,1766,1766,844,57.40,46.00,-1,49,35.70,817,3.317
58,0,0,33.60,45.48,34.48,37.65,32.93,27.71,55.81,51.69,52.22,70.11,1420,1420,1420,1420,1670,1670,1670,1747,57.00,46.00,-1,49,35.70,817,3.317
60,0,0,17.02,48.10,38.18,38.68,39.25,38.18,55.17,50.43,50.85,71.43,1420,1420,1420,1420,1670,1670,1670,1747,57.40,48.00,-1,49,35.70,737,3.317
60,0,0,17.02,50.81,41.98,41.98,39.24,45.88,53.41,51.16,55.29,75.58,1420,1420,1420,1420,1670,1670,1670,1747,57.00,48.00,-1,49,35.70,737,3.317
54,0,0,33.64,46.36,41.88,40.91,32.73,33.63,56.20,55.83,40.52,68.97,1420,1420,1420,1420,1670,1670,1670,1747,57.40,47.00,-1,49,35.70,737,3.317
54,0,0,33.64,49.70,41.67,40.51,33.33,40.74,47.73,48.31,50.00,91.95,1420,1420,1420,1420,1670,1670,1670,1747,56.60,47.00,-1,49,35.70,1010,3.317
51,0,0,50.37,46.38,37.61,34.58,37.04,34.86,46.49,46.61,45.30,85.22,1420,1420,1420,1420,1766,1766,1766,2073,58.10,43.00,-1,49,35.70,1010,3.317
51,0,0,50.37,48.84,38.75,36.00,36.36,38.27,57.65,46.99,59.04,73.17,1420,1420,1420,1420,1670,1670,1670,1747,56.20,43.00,-1,49,35.70,1010,3.317
58,0,0,33.58,51.83,42.48,43.93,41.96,42.20,59.13,58.26,53.45,72.41,1420,1420,1420,1420,1670,1670,1670,1747,57.70,51.00,-1,49,35.70,801,3.317
58,0,0,33.58,48.22,40.70,38.55,34.57,34.18,57.95,64.71,57.47,55.29,1420,1420,1420,1420,1670,1670,1670,1747,57.00,51.00,-1,49,35.70,801,3.317
59,0,0,16.92,45.85,34.86,35.92,35.51,31.13,42.86,45.76,49.14,90.18,1420,1420,1420,1420,1670,1670,1670,1747,57.40,53.00,-1,49,35.70,801,3.317
59,0,0,16.92,49.42,38.37,42.35,39.29,40.00,47.67,48.89,47.62,89.53,1420,1420,1420,1420,1670,1670,1670,1747,57.00,53.00,-1,49,35.70,762,3.317
59,0,0,16.94,48.37,35.85,44.34,41.90,42.73,42.37,42.74,45.30,89.57,1420,1420,1420,1420,1670,1670,1670,1747,57.00,50.00,-1,49,35.70,762,3.317
59,0,0,16.94,49.93,45.78,46.99,45.00,50.59,42.22,41.57,40.48,88.24,1420,1420,1420,1420,1670,1670,1670,1747,57.00,50.00,-1,49,35.70,762,3.317
58,0,0,33.60,64.26,72.97,73.08,70.59,64.49,53.51,50.93,46.23,81.65,1420,1420,1420,1420,1670,1670,1670,1747,58.50,51.00,-1,48,35.80,899,3.261
58,0,0,33.60,73.83,92.22,94.44,87.78,91.11,66.29,68.48,55.91,38.89,1420,1420,1420,1420,1670,1670,1670,1747,57.70,55.00,-1,48,35.80,899,3.261
60,0,0,16.98,47.34,40.00,40.95,41.35,41.51,42.86,41.38,40.71,86.73,1420,1420,1420,1420,1670,1670,1670,1747,57.40,50.00,-1,48,35.80,899,3.261
60,0,0,16.98,47.72,37.65,39.51,40.74,44.19,47.19,37.35,44.94,88.37,1420,1420,1420,1420,1670,1670,1670,1747,56.60,54.00,-1,48,35.80,983,3.261
59,0,0,16.93,48.87,35.78,38.83,39.42,42.34,52.10,46.15,48.65,88.18,1420,1420,1420,1420,1670,1670,1670,1747,57.40,52.00,-1,48,35.80,983,3.261
59,0,0,16.93,51.02,42.35,34.18,44.44,38.55,54.55,58.43,56.52,77.53,1420,1420,1420,1420,1766,1766,1766,2073,58.10,54.00,-1,48,35.80,983,3.261
60,0,0,16.90,48.66,37.27,43.52,39.05,37.50,52.14,49.15,50.43,75.86,1420,1420,1420,1420,1670,1670,1670,1747,57.70,54.00,-1,48,35.80,813,3.261
60,0,0,16.90,49.78,45.24,43.04,49.38,40.00,65.52,52.94,54.12,45.24,1420,1420,1420,1420,1670,1670,1670,1747,57.00,56.00,-1,48,35.80,813,3.261
60,0,0,16.89,56.20,62.83,52.43,57.14,61.47,40.00,43.86,44.14,86.61,1420,1420,1420,1420,1670,1670,1670,1747,57.70,58.00,-1,48,35.80,813,3.261
60,0,0,16.89,50.36,39.51,44.05,43.53,46.59,44.83,47.19,50.57,87.50,1420,1420,1420,1420,1670,1670,1670,1747,57.00,56.00,-1,48,35.80,817,3.261
60,0,0,16.86,47.91,36.11,38.68,37.62,38.53,46.55,47.41,47.41,86.84,1420,1420,1420,1420,1670,1670,1670,1747,57.40,57.00,-1,48,35.80,817,3.261
60,0,0,16.86,50.15,40.23,41.86,37.97,36.90,56.67,51.14,52.87,80.46,1420,1420,1420,1420,1670,1670,1670,1747,57.40,56.00,-1,48,35.80,817,3.261
60,0,0,17.19,43.49,29.63,32.08,31.07,36.04,49.12,43.75,45.22,79.65,1420,1420,1420,1420,1670,1670,1670,1747,57.40,54.00,-1,48,35.80,851,3.261
60,0,0,17.19,39.28,26.14,25.00,26.25,23.81,48.35,37.36,40.22,84.09,1420,1420,1420,1420,1670,1670,1670,1747,57.40,55.00,-1,48,35.80,851,3.261
59,0,0,16.97,47.40,34.82,39.45,38.68,41.82,46.22,44.17,47.37,85.59,1420,1420,1420,1420,1670,1670,1670,1747,57.40,55.00,-1,48,35.80,851,3.261
59,0,0,16.97,43.45,33.33,32.91,34.57,31.25,38.64,44.57,43.68,86.21,1420,1420,1420,1420,1670,1670,1670,1305,55.40,54.00,-1,48,35.80,744,3.261
59,0,0,17.06,46.58,34.51,31.37,38.53,32.41,50.00,55.86,48.65,80.00,1420,1420,1420,1420,1670,1670,1670,1747,57.40,55.00,-1,48,35.80,744,3.261
59,0,0,17.06,45.34,27.06,28.57,25.64,31.40,57.47,57.95,52.33,75.28,1420,1420,1420,1420,1670,1670,1670,1747,55.40,54.00,-1,48,35.80,744,3.261
60,0,0,16.96,37.19,29.57,24.76,27.36,27.93,37.93,38.94,34.78,74.14,1420,1420,1420,1420,1670,1670,1670,1747,55.80,54.00,-1,48,35.80,741,3.261
60,0,0,16.96,38.38,23.26,30.49,31.65,32.56,52.94,48.28,36.36,51.76,1420,1420,1420,1420,1670,1670,1670,1747,55.80,54.00,-1,48,35.80,741,3.261
60,0,0,16.90,39.87,25.45,32.41,36.11,31.53,41.74,39.32,37.39,75.68,1420,1420,1420,1420,1670,1670,1670,1747,56.20,53.00,-1,48,35.80,741,3.261
60,0,0,16.90,45.45,33.73,31.08,42.68,40.74,51.72,38.64,44.32,76.74,1420,1420,1420,1420,1670,1670,1670,1747,56.20,53.00,-1,48,35.80,724,3.261
60,0,0,16.87,47.51,44.54,38.32,42.59,45.05,43.75,42.86,41.88,81.20,1420,1420,1420,1420,1670,1670,1670,1747,56.60,53.00,-1,48,35.90,724,3.455
60,0,0,16.87,46.19,34.57,39.51,40.24,38.27,46.43,40.96,43.68,81.18,1420,1420,1420,1420,1670,1670,1670,1747,56.20,54.00,-1,48,35.90,724,3.455
59,0,0,16.89,45.10,38.94,35.58,37.25,41.07,46.55,42.24,42.24,78.26,1420,1420,1420,1420,1670,1670,1670,844,56.20,53.00,-1,48,35.90,810,3.455
59,0,0,16.89,44.91,39.53,32.47,39.29,37.80,50.00,38.82,41.86,76.83,1420,1420,1420,1420,1670,1670,1670,1747,56.20,53.00,-1,48,35.90,810,3.455
59,0,0,16.84,46.63,35.71,39.09,37.86,40.00,45.76,45.76,47.90,78.18,1420,1420,1420,1420,1670,1670,1670,1747,56.20,54.00,-1,48,35.90,810,3.455
59,0,0,16.84,57.18,60.98,63.29,67.07,61.90,42.05,42.39,42.70,82.76,1420,1420,1420,1420,1670,1670,1670,1747,56.20,55.00,-1,48,35.90,750,3.455
59,0,0,16.87,51.56,47.79,53.70,50.46,53.98,41.59,46.09,41.59,75.00,1420,1420,1420,1420,1670,1670,1670,1747,56.20,56.00,-1,48,35.90,750,3.455
59,0,0,16.87,43.56,36.78,36.59,37.97,33.75,42.86,45.35,40.00,73.56,1420,1420,1420,1420,1670,1670,1670,1747,55.40,53.00,-1,48,35.90,750,3.455
59,0,0,16.93,44.86,38.39,37.50,41.12,40.74,46.96,45.45,43.22,67.26,1420,1420,1420,1420,1670,1670,1670,1747,55.80,53.00,-1,48,35.90,725,3.455
59,0,0,16.93,44.61,40.91,30.77,40.51,32.89,45.98,47.19,40.00,73.86,1420,1420,1420,1420,1670,1670,1670,1747,56.20,53.00,-1,48,35.90,725,3.455
59,0,0,16.89,49.56,39.29,41.51,40.00,39.45,48.74,50.88,48.33,86.09,1420,1420,1420,1420,1670,1670,1670,1747,57.00,54.00,-1,48,35.90,725,3.455
59,0,0,16.89,40.62,27.38,31.71,30.86,29.27,39.13,45.56,46.59,72.62,1420,1420,1420,1420,1670,1670,1670,1747,55.40,54.00,-1,48,35.90,752,3.455
59,0,0,17.05,43.54,32.43,34.23,36.94,33.64,39.13,45.22,47.50,79.65,1420,1420,1420,1420,1670,1670,1670,1747,55.80,54.00,-1,48,35.90,752,3.455
59,0,0,17.05,43.22,32.05,31.65,34.18,34.18,42.22,41.86,41.38,85.54,1420,1420,1420,1420,1670,1670,1670,1747,56.20,53.00,-1,48,35.90,752,3.455
60,0,0,16.90,42.97,32.73,30.56,31.13,34.55,40.35,41.96,42.02,84.35,1420,1420,1420,1420,1670,1670,1670,1747,55.40,55.00,-1,48,35.90,890,3.455
60,0,0,16.90,47.91,37.65,43.53,40.51,42.35,50.54,46.32,40.91,84.88,1420,1420,1420,1420,1670,1670,1670,1747,56.20,54.00,-1,48,35.90,890,3.455
59,0,0,16.88,48.05,41.07,35.29,36.27,41.90,48.28,44.55,48.72,87.27,1420,1420,1420,1420,1670,1670,1670,1747,57.00,53.00,-1,48,35.90,890,3.455
59,0,0,16.88,48.87,38.20,40.00,42.35,36.47,43.18,49.46,48.89,89.89,1420,1420,1420,1420,1670,1670,1670,1747,56.60,54.00,-1,48,35.90,833,3.455
60,0,0,18.68,49.94,42.59,43.40,43.69,49.09,41.96,43.97,46.55,87.50,1420,1420,1420,1420,1670,1670,1670,1747,56.60,54.00,-1,48,35.90,833,3.455
60,0,0,18.68,44.96,37.65,34.57,40.00,33.33,38.82,44.19,42.53,86.21,1420,1420,1420,1420,1670,1670,1670,1747,55.40,53.00,-1,48,35.90,833,3.455
60,0,0,16.90,42.73,38.79,30.77,30.00,38.89,44.64,38.18,42.86,75.68,1420,1420,1420,1420,1670,1670,1670,1747,57.00,50.00,-1,48,35.90,720,3.455
60,0,0,16.90,44.87,37.21,34.57,37.04,38.55,48.19,46.43,43.02,73.56,1420,1420,1420,1420,1670,1670,1670,1747,56.20,49.00,-1,48,35.90,720,3.455
60,0,0,16.93,49.49,42.73,39.05,48.65,43.52,43.24,45.95,46.55,84.68,1420,1420,1420,1420,1670,1670,1670,1747,57.40,51.00,-1,47,35.90,720,3.441
60,0,0,16.93,47.95,44.44,37.80,37.80,40.24,43.68,40.23,48.31,89.66,1420,1420,1420,1420,1670,1670,1670,1747,56.60,51.00,-1,47,35.90,760,3.441
58,0,0,33.60,47.68,43.86,38.10,33.66,39.22,50.86,45.22,52.59,74.34,1420,1420,1420,1420,1670,1670,1670,1747,56.60,52.00,-1,47,35.90,760,3.441
58,0,0,33.60,45.08,37.50,34.18,36.14,38.55,39.08,38.46,47.25,88.10,1420,1420,1420,1420,1670,1670,1670,1747,56.20,51.00,-1,47,35.90,760,3.441
60,0,0,16.97,45.30,38.32,36.45,36.45,36.45,49.15,39.32,41.53,83.33,1420,1420,1420,1420,1670,1670,1670,1747,56.60,50.00,-1,47,35.90,729,3.441
60,0,0,16.97,44.97,37.35,34.57,31.17,37.80,48.89,40.00,43.82,84.88,1420,1420,1420,1420,1670,1670,1670,1747,56.20,53.00,-1,47,35.90,729,3.441
60,0,0,17.07,47.09,44.74,42.06,36.79,39.81,38.39,40.00,43.70,88.50,1420,1420,1420,1420,1670,1670,1670,1747,56.60,51.00,-1,47,35.90,729,3.441
60,0,0,17.07,42.82,30.86,31.17,33.73,35.71,38.89,45.56,39.33,85.88,1420,1420,1420,1420,1670,1670,1670,1747,55.80,52.00,-1,47,35.90,735,3.441
60,0,0,16.99,48.44,42.73,43.64,44.04,45.05,45.69,43.48,43.10,80.00,1420,1420,1420,1420,1670,1670,1670,1747,56.60,48.00,-1,47,35.90,735,3.441
60,0,0,16.99,42.69,40.00,29.11,32.91,35.29,43.90,39.53,42.35,74.42,1420,1420,1420,1420,1670,1670,1670,1747,55.80,50.00,-1,47,35.90,735,3.441
60,0,0,16.88,42.76,36.79,33.98,32.69,40.19,37.72,36.84,39.45,85.32,1420,1420,1420,1420,1670,1670,1670,1747,55.40,50.00,-1,47,35.90,717,3.441
60,0,0,16.88,43.00,36.78,32.91,35.80,39.53,38.82,38.64,38.10,82.35,1420,1420,1420,1420,1670,1670,1670,1747,55.00,50.00,-1,47,35.90,717,3.441
59,0,0,17.07,47.19,38.74,34.31,33.96,40.19,48.21,46.85,48.67,84.07,1420,1420,1420,1420,1670,1670,1670,1747,56.20,51.00,-1,47,35.90,717,3.441
59,0,0,17.07,41.88,34.94,28.95,30.77,34.18,36.90,38.82,41.18,86.90,1420,1420,1420,1420,1670,1670,1670,1747,56.60,52.00,-1,47,35.90,741,3.441
59,0,0,16.93,45.07,37.04,36.19,35.92,41.44,39.45,43.10,42.73,83.78,1420,1420,1420,1420,1670,1670,1670,1747,56.20,52.00,-1,47,35.90,741,3.441
59,0,0,16.93,52.46,53.33,52.50,43.75,48.19,45.35,40.23,49.44,86.90,1420,1420,1420,1420,1670,1670,1670,1747,56.20,52.00,-1,47,35.90,741,3.441
60,0,0,16.95,43.38,36.04,32.38,33.98,37.04,35.19,42.11,40.18,87.61,1420,1420,1420,1420,1670,1670,1670,1747,55.80,53.00,-1,47,35.90,756,3.441
60,0,0,16.95,47.04,39.02,35.44,35.80,40.00,42.53,43.02,45.45,90.00,1420,1420,1420,1420,1670,1670,1670,1747,57.00,52.00,-1,47,35.90,756,3.441
60,0,0,16.92,45.21,42.98,33.98,37.74,37.38,39.82,39.45,41.07,88.07,1420,1420,1420,1420,1670,1670,1670,1747,56.60,51.00,-1,47,35.90,756,3.441
60,0,0,16.92,40.63,31.33,26.32,31.33,31.33,38.37,36.59,40.70,87.06,1420,1420,1420,1420,1670,1670,1670,1747,56.20,51.00,-1,47,35.90,732,3.441
60,0,0,17.00,46.26,41.23,36.63,40.00,40.37,42.98,41.28,39.62,87.39,1420,1420,1420,1420,1670,1670,1670,1747,56.60,51.00,-1,47,35.90,732,3.441
60,0,0,17.00,45.02,34.94,34.15,31.25,40.00,47.73,41.38,42.86,88.24,1420,1420,1420,1420,1670,1670,1670,1747,56.20,52.00,-1,47,35.90,732,3.441
59,0,0,17.03,50.06,43.64,39.42,38.83,43.40,50.00,47.71,47.22,86.49,1420,1420,1420,1420,1670,1670,1670,1747,56.20,53.00,-1,47,35.90,736,3.432
59,0,0,17.03,36.42,29.41,23.46,22.22,23.46,34.88,32.93,32.53,87.36,1420,1420,1420,1420,1670,1670,1670,1747,56.60,53.00,-1,47,35.90,736,3.432
59,0,0,33.65,49.57,47.90,42.11,42.34,46.02,48.28,45.00,46.28,78.81,1420,1420,1420,1420,1670,1670,1670,1747,56.60,50.00,-1,47,35.90,736,3.432
59,0,0,33.65,48.17,53.75,43.42,41.33,42.31,40.00,37.18,45.78,81.01,1420,1420,1420,1420,1670,1670,1670,1747,55.40,50.00,-1,47,35.90,753,3.432
59,0,0,33.62,47.05,41.59,34.91,40.91,41.67,50.44,44.35,44.83,78.26,1420,1420,1420,1420,1670,1670,1670,1747,56.60,49.00,-1,47,35.90,753,3.432
59,0,0,33.62,48.45,40.48,32.47,31.17,38.46,54.22,55.42,51.81,77.38,1420,1420,1420,1420,1766,1766,1766,1632,57.00,46.00,-1,47,35.90,753,3.432
59,0,0,16.87,48.79,44.44,41.18,41.75,46.79,56.64,50.00,42.59,65.18,1420,1420,1420,1420,1670,1670,1670,1747,57.00,52.00,-1,46,35.80,903,3.294
59,0,0,16.87,45.34,36.47,34.52,39.76,39.53,62.35,57.30,52.27,40.23,1420,1420,1420,1420,1670,1670,1670,1747,57.00,52.00,-1,46,35.80,903,3.294
59,0,0,16.89,47.42,40.18,39.22,38.89,40.74,43.48,40.71,49.57,84.48,1420,1420,1420,1420,1670,1670,1670,1747,57.00,52.00,-1,46,35.80,903,3.294
59,0,0,16.89,44.76,36.90,37.18,35.00,35.80,39.51,41.38,42.35,89.02,1420,1420,1420,1420,1670,1670,1670,1747,57.00,54.00,-1,46,35.80,761,3.294
60,0,0,16.96,45.32,35.51,38.32,37.86,42.34,39.29,40.00,44.14,85.71,1420,1420,1420,1420,1670,1670,1670,1747,57.00,52.00,-1,46,35.80,761,3.294
60,0,0,16.96,44.15,32.18,36.71,34.18,36.14,38.82,39.76,43.68,86.36,1420,1420,1420,1420,1670,1670,1670,1747,56.20,54.00,-1,46,35.80,761,3.294
59,0,0,16.89,46.32,36.28,39.05,38.32,46.96,41.67,43.75,37.74,82.35,1420,1420,1420,1420,1670,1670,1670,1747,56.20,54.00,-1,46,35.80,747,3.294
59,0,0,16.89,45.21,36.05,37.97,34.52,40.00,42.53,44.83,43.37,81.61,1420,1420,1420,1420,1670,1670,1670,1747,56.20,50.00,-1,46,35.80,747,3.294
59,0,0,16.98,46.31,37.17,41.90,35.92,43.24,52.63,45.54,38.39,74.11,1420,1420,1420,1420,1670,1670,1670,1747,56.20,49.00,-1,46,35.80,747,3.294
59,0,0,16.98,42.26,34.12,35.80,28.57,35.37,51.16,40.70,39.29,71.43,1420,1420,1420,1420,1670,1670,1670,1632,55.40,50.00,-1,46,35.80,731,3.294
60,0,0,16.89,44.27,40.00,39.42,31.68,35.24,42.34,37.72,42.86,82.30,1420,1420,1420,1420,1670,1670,1670,1747,55.80,51.00,-1,46,35.80,731,3.294
60,0,0,16.89,43.05,37.93,37.18,35.00,36.25,48.78,36.14,44.19,68.60,1420,1420,1420,1420,1670,1670,1670,1747,56.60,49.00,-1,46,35.80,731,3.294
60,0,0,16.90,44.23,35.85,37.14,37.61,35.85,42.59,42.61,44.14,77.78,1420,1420,1420,1420,1670,1670,1670,1747,57.00,53.00,-1,46,35.80,733,3.294
60,0,0,16.90,44.64,37.21,35.06,33.75,36.59,44.05,44.71,47.73,73.26,1420,1420,1420,1420,1670,1670,1670,1747,56.60,53.00,-1,46,35.80,733,3.294
60,0,0,16.87,46.80,38.10,41.67,37.04,44.95,47.79,41.82,41.96,80.53,1420,1420,1420,1420,1670,1670,1670,1747,57.00,53.00,-1,46,35.80,733,3.294
60,0,0,16.87,41.51,31.25,30.14,28.38,31.17,43.53,40.00,39.53,81.93,1420,1420,1420,1420,1670,1670,1670,1747,56.60,54.00,-1,46,35.80,759,3.294
59,0,0,16.94,44.42,33.03,39.05,35.85,36.79,50.88,46.49,42.11,70.43,1420,1420,1420,1420,1670,1670,1670,1516,55.80,53.00,-1,46,35.80,759,3.294
59,0,0,16.94,43.45,31.65,33.77,29.33,37.97,46.43,46.91,43.21,71.26,1420,1420,1420,1420,1670,1670,1670,1747,57.00,54.00,-1,46,35.80,759,3.294
56,1,0,50.40,43.95,34.58,37.14,34.31,36.45,60.71,42.61,49.56,55.56,1420,1420,1420,1420,1670,1670,1670,1516,55.80,51.00,-1,46,35.80,744,3.294
56,1,0,50.40,41.36,35.80,35.90,38.55,34.18,46.51,43.04,39.02,56.47,1420,1420,1420,1420,1670,1670,1670,1747,56.60,52.00,-1,46,35.80,744,3.294
60,0,0,16.92,44.25,37.50,38.46,34.95,38.83,45.45,39.81,39.64,76.11,1420,1420,1420,1420,1670,1670,1670,1747,56.20,53.00,-1,46,35.80,744,3.294
60,0,0,16.92,44.07,32.10,34.21,34.57,35.37,43.48,43.33,40.23,88.37,1420,1420,1420,1420,1670,1670,1670,1747,56.20,55.00,-1,46,35.80,746,3.294
59,0,0,17.08,45.89,34.58,36.63,34.65,42.59,41.74,45.13,47.83,79.13,1420,1420,1420,1420,1670,1670,1670,1747,56.20,56.00,-1,46,35.80,746,3.443
59,0,0,17.08,43.80,30.77,33.33,34.57,34.94,42.05,40.70,46.59,84.71,1420,1420,1420,1420,1670,1670,1670,1747,56.60,57.00,-1,46,35.80,746,3.443
59,0,0,16.92,45.39,31.43,40.74,37.50,41.44,44.25,46.02,45.30,75.68,1420,1420,1420,1420,1670,1670,1670,1747,56.20,57.00,-1,46,35.80,757,3.443
59,0,0,16.92,45.00,36.47,36.36,32.91,41.46,52.38,46.51,48.24,68.18,1420,1420,1420,1420,1670,1670,1670,1747,56.20,56.00,-1,46,35.80,757,3.443
60,0,0,16.89,45.26,37.50,38.00,38.89,38.10,41.44,41.07,45.54,77.27,1420,1420,1420,1420,1670,1670,1670,1747,56.60,56.00,-1,46,35.80,757,3.443
60,0,0,16.89,44.73,26.03,40.96,31.17,37.97,47.78,43.53,46.51,80.72,1420,1420,1420,1420,1670,1670,1670,1747,56.60,57.00,-1,46,35.80,764,3.443
58,0,0,33.60,45.17,33.02,32.04,32.04,39.25,54.39,49.55,47.71,69.83,1420,1420,1420,1420,1670,1670,1670,1747,57.00,55.00,-1,46,35.80,764,3.443
58,0,0,33.60,44.36,33.33,35.53,30.77,35.44,54.88,45.78,50.59,66.28,1420,1420,1420,1420,1766,1766,1766,1747,56.20,58.00,-1,46,35.80,764,3.443
60,0,0,16.93,49.45,42.24,40.74,40.37,40.54,71.93,54.31,55.56,49.12,1420,1420,1420,1420,1670,1670,1670,1747,56.20,56.00,-1,46,35.80,787,3.443
60,0,0,16.93,47.16,34.67,37.84,37.84,36.00,50.00,47.56,51.19,75.90,1420,1420,1420,1420,1670,1670,1670,844,56.60,57.00,-1,46,35.80,787,3.443
60,0,0,17.09,40.21,32.11,26.26,26.67,32.41,50.00,47.83,45.05,58.26,1420,1420,1420,1420,1670,1670,1670,1747,56.60,58.00,-1,46,35.80,787,3.443
60,0,0,17.09,39.81,26.58,32.47,24.32,31.65,40.00,32.53,42.86,82.35,1420,1420,1420,1420,1670,1670,1670,1747,56.60,56.00,-1,46,35.80,747,3.443
60,0,0,16.89,39.95,29.52,31.00,23.71,31.73,44.04,44.55,41.82,70.64,1420,1420,1420,1420,1670,1670,1670,1747,55.80,57.00,-1,46,35.80,747,3.443
60,0,0,16.89,41.59,23.75,32.93,33.33,36.47,43.82,43.18,42.70,75.29,1420,1420,1420,1420,1670,1670,1670,1747,55.40,57.00,-1,46,35.80,747,3.443
59,0,0,16.89,36.19,22.02,29.81,28.04,27.36,34.58,33.04,36.11,78.38,1420,1420,1420,1420,1670,1670,1670,1747,55.80,56.00,-1,46,35.80,725,3.443
59,0,0,16.89,35.57,19.23,28.21,22.37,29.63,32.50,37.04,37.80,72.62,1420,1420,1420,1420,1670,1670,1670,1747,55.00,57.00,-1,46,35.80,725,3.443
60,0,0,16.94,37.18,23.76,26.47,27.27,27.78,39.45,41.44,42.59,66.36,1420,1420,1420,1420,1670,1670,1670,1747,55.00,56.00,-1,46,35.80,725,3.443
60,0,0,16.94,44.78,29.63,32.47,31.65,36.25,63.64,50.00,47.62,62.50,1420,1420,1420,1420,1670,1670,1670,844,55.80,52.00,-1,46,35.80,713,3.443
57,0,0,50.38,46.61,38.68,34.95,34.95,33.66,59.65,51.33,44.55,67.52,1420,1420,1420,1420,1670,1670,1670,1747,57.00,56.00,-1,46,35.80,713,3.443
57,0,0,50.38,47.88,39.33,37.18,33.33,41.67,51.19,48.15,52.33,80.46,1420,1420,1420,1420,1766,1766,1766,844,56.60,62.00,-1,46,35.80,713,3.443
60,0,0,16.99,51.15,38.89,40.00,41.12,47.22,62.39,60.00,61.61,53.64,1420,1420,1420,1420,1670,1670,1670,1747,57.70,63.00,-1,46,35.80,813,3.443
60,0,0,16.99,47.20,35.71,30.77,32.91,37.18,59.55,55.17,51.81,72.41,1420,1420,1420,1420,1670,1670,1670,1747,57.40,62.00,-1,46,35.80,813,3.443
57,0,0,33.62,49.70,37.74,36.63,38.61,39.00,64.49,56.25,60.00,60.55,1420,1420,1420,1420,1766,1766,1766,1747,57.40,62.00,-1,46,35.80,813,3.443
57,0,0,33.62,49.33,36.25,38.27,33.33,41.86,52.38,52.33,62.79,71.11,1420,1420,1420,1420,1670,1670,1670,1632,57.40,61.00,-1,45,35.80,1119,3.268
54,0,0,33.71,51.16,44.04,37.86,41.90,42.45,60.71,51.38,50.00,81.58,1420,1420,1420,1420,1766,1766,1766,1747,58.90,60.00,-1,45,35.80,1119,3.268
54,0,0,33.71,47.83,30.67,35.90,29.58,37.80,69.88,61.90,63.53,45.35,1420,1420,1420,1420,1670,1670,1670,1747,56.60,67.00,-1,45,35.80,1119,3.268
56,1,0,67.19,36.18,21.57,25.51,22.22,31.73,57.27,36.70,35.78,55.75,1420,1420,1420,1420,1670,1670,1670,1747,55.80,54.00,-1,45,35.80,823,3.268
56,1,0,67.19,30.87,17.28,27.71,25.93,26.83,48.24,28.05,29.89,40.96,1420,1420,1420,1420,1670,1670,1670,1747,55.40,54.00,-1,45,35.80,823,3.268
48,2,1,100.78,31.22,16.67,24.00,23.47,24.51,37.38,35.71,33.65,50.00,1804,1804,1804,1804,1766,1766,1766,2073,56.20,34.00,-1,45,35.80,823,3.268
48,2,1,100.78,44.55,23.17,23.38,23.75,22.97,67.82,60.00,56.98,73.86,1420,1420,1420,1420,1670,1670,1670,1747,57.40,34.00,-1,45,35.80,673,3.268
53,1,0,67.17,46.59,25.71,24.74,26.73,35.85,65.77,61.32,57.66,67.83,1420,1420,1420,1420,1670,1670,1670,1747,55.80,25.00,-1,45,35.80,673,3.268
53,1,0,67.17,32.73,20.51,25.32,24.39,22.50,40.91,43.02,40.48,43.37,1420,1420,1420,1420,1670,1670,1670,1632,55.00,29.00,-1,45,35.80,673,3.268
59,0,0,16.88,34.00,26.17,23.76,26.04,28.30,53.57,35.09,26.85,50.00,1804,1804,1804,1804,1766,1766,1766,2073,55.00,31.00,-1,45,35.80,746,3.268
59,0,0,16.88,29.03,16.67,15.58,16.88,19.23,35.63,29.41,28.74,61.63,1420,1420,1420,1420,1670,1670,1670,844,53.50,29.00,-1,45,35.80,746,3.268